0.000000,-0.000016,0.000004,0.000000,0.000000,-0.000000,-0.000000,-0.000694,ovf,1251976320.000000,0.000000,0.000000,-0.000000,-0.000000,ovf,-0.000000,ovf,-0.000000
-7.244369,0.210000,0.000000,0.043847,0.003040,0.000000,nan,nan,nan,0.000000,0.000000,0.000000,0.000000,0.000000,0.000000,0.000000,0.000000,0.000000
2.939240,0.250000,0.000000,0.042546,0.037479,0.000000,-0.061875,0.000000,nan,0.000000,0.000000,0.000000,0.000000,0.000000,0.000000,0.000000,0.000000,0.000000
2.850194,0.030000,0.000000,0.041257,0.037479,0.000000,-0.053575,0.000000,139.683243,0.000000,0.000000,0.000000,0.000000,0.000000,0.000000,0.000000,0.000000,0.000000
2.774719,-0.480000,0.000000,0.040164,0.037479,0.000000,-0.045275,0.000000,133.458252,0.000000,0.000000,0.000000,0.000000,0.000000,0.000000,0.000000,0.000000,0.000000
2.712454,0.540000,0.000000,0.039263,0.037479,0.000000,-0.036975,0.000000,127.233253,0.000000,0.000000,0.000000,0.000000,0.000000,0.000000,0.000000,0.000000,0.000000
2.663103,-1.650000,0.000000,0.038548,0.037479,0.000000,-0.028675,0.000000,121.008255,0.000000,0.000000,0.000000,0.000000,0.000000,0.000000,0.000000,0.000000,0.000000
2.626432,-1.630000,0.000000,0.038018,0.037479,0.000000,-0.020375,0.000000,114.783249,0.000000,0.000000,0.000000,0.000000,0.000000,0.000000,0.000000,0.000000,0.000000
2.602266,-2.000000,0.000000,0.037668,0.037479,0.000000,-0.012075,0.000000,108.558250,0.000000,0.000000,0.000000,0.000000,0.000000,0.000000,0.000000,0.000000,0.000000
2.590488,-2.970000,0.000000,0.037497,0.037479,0.000000,-0.003775,0.000000,102.333244,0.000000,0.000000,0.000000,0.000000,0.000000,0.000000,0.000000,0.000000,0.000000
2.591046,0.530000,0.000000,0.037505,0.037479,0.000000,0.004525,0.000000,96.254028,0.000000,0.000000,0.000000,0.000000,0.000000,0.000000,0.000000,0.000000,0.000000
2.603938,-1.430000,0.000000,0.037692,0.037479,0.000000,0.012825,0.000000,90.812714,0.000000,0.000000,0.000000,0.000000,0.000000,0.000000,0.000000,0.000000,0.000000
2.629229,-0.030000,0.000000,0.038058,0.037479,0.000000,0.021125,0.000000,85.953659,0.000000,0.000000,0.000000,0.000000,0.000000,0.000000,0.000000,0.000000,0.000000
2.667038,-0.510000,0.000000,0.038605,0.037479,0.000000,0.029425,0.000000,81.588196,0.000000,0.000000,0.000000,0.000000,0.000000,0.000000,0.000000,0.000000,0.000000
2.717545,0.120000,0.000000,0.039337,0.037479,0.000000,0.037725,0.000000,77.644722,0.000000,0.000000,0.000000,0.000000,0.000000,0.000000,0.000000,0.000000,0.000000
2.780991,0.380000,0.000000,0.040255,0.037479,0.000000,0.046025,0.000000,74.064880,0.000000,0.000000,0.000000,0.000000,0.000000,0.000000,0.000000,0.000000,0.000000
2.678494,-6.350000,0.000000,-0.046336,0.037479,0.000000,-0.028750,0.000000,126.049004,0.000000,0.000000,0.000000,0.000000,0.000000,0.000000,0.000000,0.000000,0.000000
-2.804692,10.800000,0.000000,-0.040598,-0.037479,0.000000,-0.048750,0.000000,137.762497,0.000000,0.000000,0.000000,0.000000,0.000000,0.000000,0.000000,0.000000,0.000000
-2.706975,-1.520000,0.000000,-0.039184,-0.037479,0.000000,-0.036150,0.000000,126.356491,0.000000,0.000000,0.000000,0.000000,0.000000,0.000000,0.000000,0.000000,0.000000
-2.634422,-4.960000,0.000000,-0.038133,-0.071796,0.000000,-0.022450,-0.162812,46.325813,0.000000,0.000000,0.000000,0.000000,0.000000,0.000000,0.000000,0.000000,0.000000
-2.597897,9.170000,0.000000,-0.037605,-0.037479,0.000000,-0.009850,0.000000,116.400215,0.000000,0.000000,0.000000,0.000000,0.000000,0.000000,0.000000,0.000000,0.000000
-2.591680,0.010000,0.000000,-0.037515,-0.037479,0.000000,-0.005250,0.000000,103.661499,0.000000,0.000000,0.000000,0.000000,0.000000,0.000000,0.000000,0.000000,0.000000
-2.592822,-7.790000,0.000000,-0.037531,-0.112760,0.000000,0.006350,-0.241143,33.246387,0.000000,0.000000,0.000000,0.000000,0.000000,0.000000,0.000000,0.000000,0.000000
-2.614048,-1.090000,0.000000,-0.037838,-0.037479,0.000000,0.016650,0.000000,98.655235,0.000000,0.000000,0.000000,0.000000,0.000000,0.000000,0.000000,0.000000,0.000000
-2.624892,1.850000,0.000000,-0.037995,-0.037479,0.000000,0.019950,0.000000,86.835320,0.000000,0.000000,0.000000,0.000000,0.000000,0.000000,0.000000,0.000000,0.000000
-2.668776,0.450000,0.000000,-0.038631,-0.037479,0.000000,0.029750,0.000000,81.366631,0.000000,0.000000,0.000000,0.000000,0.000000,0.000000,0.000000,0.000000,0.000000
-2.721869,1.020000,0.000000,-0.039399,-0.037479,0.000000,0.038350,0.000000,77.352379,0.000000,0.000000,0.000000,0.000000,0.000000,0.000000,0.000000,0.000000,0.000000
3.531101,2.480000,0.000000,0.040932,-0.037479,0.000000,0.001250,0.000000,98.727890,0.000000,0.000000,0.000000,0.000000,0.000000,0.000000,0.000000,0.000000,0.000000
2.804692,-1.130000,0.000000,0.040598,0.037479,0.000000,-0.048750,0.000000,139.562500,0.000000,0.000000,0.000000,0.000000,0.000000,0.000000,0.000000,0.000000,0.000000
2.726089,1.270000,0.000000,0.039460,0.037479,0.000000,-0.038950,0.000000,128.624496,0.000000,0.000000,0.000000,0.000000,0.000000,0.000000,0.000000,0.000000,0.000000
2.645540,2.290000,0.000000,0.038294,0.037479,0.000000,-0.025050,0.000000,117.953506,0.000000,0.000000,0.000000,0.000000,0.000000,0.000000,0.000000,0.000000,0.000000
2.602647,0.600000,0.000000,0.037673,0.037479,0.000000,-0.012250,0.000000,108.419502,0.000000,0.000000,0.000000,0.000000,0.000000,0.000000,0.000000,0.000000,0.000000
2.589241,4.150000,0.000000,0.037479,0.060071,0.000000,-0.000550,-0.132103,48.240932,0.000000,0.000000,0.000000,0.000000,0.000000,0.000000,0.000000,0.000000,0.000000
2.598617,6.180000,0.000000,0.037615,0.089456,0.000000,0.010250,-0.200371,38.064781,0.000000,0.000000,0.000000,0.000000,0.000000,0.000000,0.000000,0.000000,0.000000
2.609499,-2.800000,0.000000,0.037773,0.037479,0.000000,0.015050,0.000000,99.555206,0.000000,0.000000,0.000000,0.000000,0.000000,0.000000,0.000000,0.000000,0.000000
2.621059,-0.580000,0.000000,0.037940,0.037479,0.000000,0.018850,0.000000,87.438965,0.000000,0.000000,0.000000,0.000000,0.000000,0.000000,0.000000,0.000000,0.000000
2.663492,-0.750000,0.000000,0.038554,0.037479,0.000000,0.028750,0.000000,81.862198,0.000000,0.000000,0.000000,0.000000,0.000000,0.000000,0.000000,0.000000,0.000000
2.715667,-0.640000,0.000000,0.039309,0.037479,0.000000,0.037450,0.000000,77.754753,0.000000,0.000000,0.000000,0.000000,0.000000,0.000000,0.000000,0.000000,0.000000
-3.531101,-2.090000,0.000000,-0.040932,0.037479,0.000000,0.001250,0.000000,98.780556,0.000000,0.000000,0.000000,0.000000,0.000000,0.000000,0.000000,0.000000,0.000000
-2.804692,-0.390000,0.000000,-0.040598,-0.037479,0.000000,-0.048750,0.000000,139.562500,0.000000,0.000000,0.000000,0.000000,0.000000,0.000000,0.000000,0.000000,0.000000
-2.726089,-3.330000,0.000000,-0.039460,-0.048202,0.000000,-0.038950,-0.091010,68.921188,0.000000,0.000000,0.000000,0.000000,0.000000,0.000000,0.000000,0.000000,0.000000
-2.645540,-4.120000,0.000000,-0.038294,-0.059637,0.000000,-0.025050,-0.130827,54.777729,0.000000,0.000000,0.000000,0.000000,0.000000,0.000000,0.000000,0.000000,0.000000
-2.619060,-1.310000,0.000000,-0.037911,-0.037479,0.000000,-0.018250,0.000000,121.129135,0.000000,0.000000,0.000000,0.000000,0.000000,0.000000,0.000000,0.000000,0.000000
-2.603996,-3.180000,0.000000,-0.037693,-0.046031,0.000000,-0.012850,-0.081275,63.889977,0.000000,0.000000,0.000000,0.000000,0.000000,0.000000,0.000000,0.000000,0.000000
-2.589264,-0.780000,0.000000,-0.037480,-0.037479,0.000000,-0.000750,0.000000,104.712990,0.000000,0.000000,0.000000,0.000000,0.000000,0.000000,0.000000,0.000000,0.000000
-2.591969,-2.970000,0.000000,-0.037519,-0.042991,0.000000,0.005550,-0.065250,63.535187,0.000000,0.000000,0.000000,0.000000,0.000000,0.000000,0.000000,0.000000,0.000000
-2.612001,-2.460000,0.000000,-0.037809,-0.037479,0.000000,0.015950,0.000000,92.020447,0.000000,0.000000,0.000000,0.000000,0.000000,0.000000,0.000000,0.000000,0.000000
-2.633618,-1.240000,0.000000,-0.038122,-0.037479,0.000000,0.022250,0.000000,85.422264,0.000000,0.000000,0.000000,0.000000,0.000000,0.000000,0.000000,0.000000,0.000000
-2.678182,1.410000,0.000000,-0.038767,-0.037479,0.000000,0.031450,0.000000,80.554527,0.000000,0.000000,0.000000,0.000000,0.000000,0.000000,0.000000,0.000000,0.000000
-2.733273,-0.140000,0.000000,-0.039564,-0.037479,0.000000,0.039950,0.000000,76.644501,0.000000,0.000000,0.000000,0.000000,0.000000,0.000000,0.000000,0.000000,0.000000
3.531101,1.210000,0.000000,0.040932,-0.037479,0.000000,0.001250,0.000000,98.634407,0.000000,0.000000,0.000000,0.000000,0.000000,0.000000,0.000000,0.000000,0.000000
2.804692,-2.250000,0.000000,0.040598,0.037479,0.000000,-0.048750,0.000000,139.562500,0.000000,0.000000,0.000000,0.000000,0.000000,0.000000,0.000000,0.000000,0.000000
2.726089,-1.710000,0.000000,0.039460,0.037479,0.000000,-0.038950,0.000000,128.624496,0.000000,0.000000,0.000000,0.000000,0.000000,0.000000,0.000000,0.000000,0.000000
2.645540,-2.070000,0.000000,0.038294,0.037479,0.000000,-0.025050,0.000000,117.953506,0.000000,0.000000,0.000000,0.000000,0.000000,0.000000,0.000000,0.000000,0.000000
2.602647,4.080000,0.000000,0.037673,0.059058,0.000000,-0.012250,-0.129107,50.979622,0.000000,0.000000,0.000000,0.000000,0.000000,0.000000,0.000000,0.000000,0.000000
2.589241,1.980000,0.000000,0.037479,0.037479,0.000000,-0.000550,0.000000,107.456902,0.000000,0.000000,0.000000,0.000000,0.000000,0.000000,0.000000,0.000000,0.000000
2.590986,0.940000,0.000000,0.037505,0.037479,0.000000,0.004450,0.000000,96.490166,0.000000,0.000000,0.000000,0.000000,0.000000,0.000000,0.000000,0.000000,0.000000
2.609769,2.040000,0.000000,0.037776,0.037479,0.000000,0.015150,0.000000,89.282135,0.000000,0.000000,0.000000,0.000000,0.000000,0.000000,0.000000,0.000000,0.000000
2.644194,3.790000,0.000000,0.038275,0.054860,0.000000,0.024750,-0.115871,46.949741,0.000000,0.000000,0.000000,0.000000,0.000000,0.000000,0.000000,0.000000,0.000000
2.691148,-0.210000,0.000000,0.038954,0.037479,0.000000,0.033650,0.000000,84.161438,0.000000,0.000000,0.000000,0.000000,0.000000,0.000000,0.000000,0.000000,0.000000
2.721173,4.250000,0.000000,0.039389,0.061519,0.000000,0.038250,-0.136269,41.781303,0.000000,0.000000,0.000000,0.000000,0.000000,0.000000,0.000000,0.000000,0.000000
-3.531101,2.550000,0.000000,-0.040932,0.037479,0.000000,0.001250,0.000000,91.358704,0.000000,0.000000,0.000000,0.000000,0.000000,0.000000,0.000000,0.000000,0.000000
-2.804692,1.780000,0.000000,-0.040598,-0.037479,0.000000,-0.048750,0.000000,139.562500,0.000000,0.000000,0.000000,0.000000,0.000000,0.000000,0.000000,0.000000,0.000000
-2.731098,0.820000,0.000000,-0.039533,-0.037479,0.000000,-0.039650,0.000000,129.191498,0.000000,0.000000,0.000000,0.000000,0.000000,0.000000,0.000000,0.000000,0.000000
-2.648744,2.370000,0.000000,-0.038341,-0.037479,0.000000,-0.025750,0.000000,118.478500,0.000000,0.000000,0.000000,0.000000,0.000000,0.000000,0.000000,0.000000,0.000000
-2.603996,1.290000,0.000000,-0.037693,-0.037479,0.000000,-0.012850,0.000000,108.863495,0.000000,0.000000,0.000000,0.000000,0.000000,0.000000,0.000000,0.000000,0.000000
-2.589313,-5.930000,0.000000,-0.037480,-0.085837,0.000000,-0.001050,-0.193270,38.991009,0.000000,0.000000,0.000000,0.000000,0.000000,0.000000,0.000000,0.000000,0.000000
-2.597721,-1.650000,0.000000,-0.037602,-0.037479,0.000000,0.009750,0.000000,96.491829,0.000000,0.000000,0.000000,0.000000,0.000000,0.000000,0.000000,0.000000,0.000000
-2.605653,1.190000,0.000000,-0.037717,-0.037479,0.000000,0.013550,0.000000,90.587502,0.000000,0.000000,0.000000,0.000000,0.000000,0.000000,0.000000,0.000000,0.000000
-2.637294,-4.250000,0.000000,-0.038175,-0.061519,0.000000,0.023150,-0.136269,43.798851,0.000000,0.000000,0.000000,0.000000,0.000000,0.000000,0.000000,0.000000,0.000000
-2.682210,-0.670000,0.000000,-0.038825,-0.037479,0.000000,0.032150,0.000000,85.854332,0.000000,0.000000,0.000000,0.000000,0.000000,0.000000,0.000000,0.000000,0.000000
-2.708952,1.280000,0.000000,-0.039212,-0.037479,0.000000,0.036450,0.000000,78.372665,0.000000,0.000000,0.000000,0.000000,0.000000,0.000000,0.000000,0.000000,0.000000
3.531101,4.540000,0.000000,0.040932,-0.037479,0.000000,0.001250,0.000000,98.839134,0.000000,0.000000,0.000000,0.000000,0.000000,0.000000,0.000000,0.000000,0.000000
2.804692,0.910000,0.000000,0.040598,0.037479,0.000000,-0.048750,0.000000,139.562500,0.000000,0.000000,0.000000,0.000000,0.000000,0.000000,0.000000,0.000000,0.000000
2.726089,-5.730000,0.000000,0.039460,0.037479,0.000000,-0.038950,0.000000,128.624496,0.000000,0.000000,0.000000,0.000000,0.000000,0.000000,0.000000,0.000000,0.000000
2.645540,0.020000,0.000000,0.038294,0.037479,0.000000,-0.025050,0.000000,117.953506,0.000000,0.000000,0.000000,0.000000,0.000000,0.000000,0.000000,0.000000,0.000000
2.602647,0.720000,0.000000,0.037673,0.037479,0.000000,-0.012250,0.000000,108.419502,0.000000,0.000000,0.000000,0.000000,0.000000,0.000000,0.000000,0.000000,0.000000
2.589241,1.230000,0.000000,0.037479,0.037479,0.000000,-0.000550,0.000000,100.289497,0.000000,0.000000,0.000000,0.000000,0.000000,0.000000,0.000000,0.000000,0.000000
2.598617,3.730000,0.000000,0.037615,0.053992,0.000000,0.010250,-0.112939,50.046082,0.000000,0.000000,0.000000,0.000000,0.000000,0.000000,0.000000,0.000000,0.000000
2.625976,6.360000,0.000000,0.038011,0.092061,0.000000,0.020250,-0.205332,36.320042,0.000000,0.000000,0.000000,0.000000,0.000000,0.000000,0.000000,0.000000,0.000000
2.646446,2.880000,0.000000,0.038307,0.041688,0.000000,0.025250,0.057020,139.268631,0.000000,0.000000,0.000000,0.000000,0.000000,0.000000,0.000000,0.000000,0.000000
2.664012,1.210000,0.000000,0.038562,0.037479,0.000000,0.028850,0.000000,79.824577,0.000000,0.000000,0.000000,0.000000,0.000000,0.000000,0.000000,0.000000,0.000000
-3.531101,2.380000,0.000000,-0.040932,0.037479,0.000000,0.001250,0.000000,99.286629,0.000000,0.000000,0.000000,0.000000,0.000000,0.000000,0.000000,0.000000,0.000000
-2.804692,-0.560000,0.000000,-0.040598,-0.037479,0.000000,-0.048750,0.000000,139.562500,0.000000,0.000000,0.000000,0.000000,0.000000,0.000000,0.000000,0.000000,0.000000
-2.725381,-0.570000,0.000000,-0.039450,-0.037479,0.000000,-0.038850,0.000000,128.543503,0.000000,0.000000,0.000000,0.000000,0.000000,0.000000,0.000000,0.000000,0.000000
-2.645089,1.800000,0.000000,-0.038288,-0.037479,0.000000,-0.024950,0.000000,117.878494,0.000000,0.000000,0.000000,0.000000,0.000000,0.000000,0.000000,0.000000,0.000000
-2.602428,-4.310000,0.000000,-0.037670,-0.062387,0.000000,-0.012150,-0.138709,49.017284,0.000000,0.000000,0.000000,0.000000,0.000000,0.000000,0.000000,0.000000,0.000000
-2.589232,-8.720000,0.000000,-0.037479,-0.126222,0.000000,-0.000450,-0.261818,32.882385,0.000000,0.000000,0.000000,0.000000,0.000000,0.000000,0.000000,0.000000,0.000000
-2.590986,-0.090000,0.000000,-0.037505,-0.037479,0.000000,0.004450,0.000000,89.223938,0.000000,0.000000,0.000000,0.000000,0.000000,0.000000,0.000000,0.000000,0.000000
-2.594450,-3.790000,0.000000,-0.037555,-0.054860,0.000000,0.007650,-0.115871,50.053867,0.000000,0.000000,0.000000,0.000000,0.000000,0.000000,0.000000,0.000000,0.000000
-2.613750,-6.370000,0.000000,-0.037834,-0.092206,0.000000,0.016550,-0.205604,36.692726,0.000000,0.000000,0.000000,0.000000,0.000000,0.000000,0.000000,0.000000,0.000000
-2.630860,-5.560000,0.000000,-0.038082,-0.080481,0.000000,0.021550,0.182254,243.499252,0.000000,0.000000,0.000000,0.000000,0.000000,0.000000,0.000000,0.000000,0.000000
3.531101,5.130000,0.000000,0.040932,-0.037479,0.000000,0.001250,0.000000,90.371201,0.000000,0.000000,0.000000,0.000000,0.000000,0.000000,0.000000,0.000000,0.000000
2.804692,2.170000,0.000000,0.040598,0.037479,0.000000,-0.048750,0.000000,139.562500,0.000000,0.000000,0.000000,0.000000,0.000000,0.000000,0.000000,0.000000,0.000000
2.731821,-0.030000,0.000000,0.039543,0.037479,0.000000,-0.039750,0.000000,129.272507,0.000000,0.000000,0.000000,0.000000,0.000000,0.000000,0.000000,0.000000,0.000000
2.649209,-0.110000,0.000000,0.038347,0.037479,0.000000,-0.025850,0.000000,118.553497,0.000000,0.000000,0.000000,0.000000,0.000000,0.000000,0.000000,0.000000,0.000000
2.604228,-2.280000,0.000000,0.037696,0.037479,0.000000,-0.012950,0.000000,108.938507,0.000000,0.000000,0.000000,0.000000,0.000000,0.000000,0.000000,0.000000,0.000000
2.589333,2.400000,0.000000,0.037481,0.037479,0.000000,-0.001150,0.000000,100.154495,0.000000,0.000000,0.000000,0.000000,0.000000,0.000000,0.000000,0.000000,0.000000
2.597548,2.500000,0.000000,0.037600,0.037479,0.000000,0.009650,0.000000,92.690857,0.000000,0.000000,0.000000,0.000000,0.000000,0.000000,0.000000,0.000000,0.000000
2.623825,2.840000,0.000000,0.037980,0.041109,0.000000,0.019650,-0.052953,63.199303,0.000000,0.000000,0.000000,0.000000,0.000000,0.000000,0.000000,0.000000,0.000000
2.664012,4.490000,0.000000,0.038562,0.064993,0.000000,0.028850,-0.145783,42.176895,0.000000,0.000000,0.000000,0.000000,0.000000,0.000000,0.000000,0.000000,0.000000
2.700504,3.770000,0.000000,0.039090,0.054571,0.000000,0.035150,0.114902,175.076813,0.000000,0.000000,0.000000,0.000000,0.000000,0.000000,0.000000,0.000000,0.000000
-3.531101,0.000000,0.000000,-0.040932,0.037479,0.000000,0.001250,0.000000,94.520103,0.000000,0.000000,0.000000,0.000000,0.000000,0.000000,0.000000,0.000000,0.000000
-2.804692,-0.830000,0.000000,-0.040598,-0.037479,0.000000,-0.048750,0.000000,139.562500,0.000000,0.000000,0.000000,0.000000,0.000000,0.000000,0.000000,0.000000,0.000000
-2.728940,1.000000,0.000000,-0.039501,-0.037479,0.000000,-0.039350,0.000000,128.948502,0.000000,0.000000,0.000000,0.000000,0.000000,0.000000,0.000000,0.000000,0.000000
-2.647360,1.870000,0.000000,-0.038321,-0.037479,0.000000,-0.025450,0.000000,118.253494,0.000000,0.000000,0.000000,0.000000,0.000000,0.000000,0.000000,0.000000,0.000000
-2.603540,-2.780000,0.000000,-0.037686,-0.040241,0.000000,-0.012650,-0.046186,77.705215,0.000000,0.000000,0.000000,0.000000,0.000000,0.000000,0.000000,0.000000,0.000000
-2.589279,-4.530000,0.000000,-0.037480,-0.065572,0.000000,-0.000850,-0.147309,46.163857,0.000000,0.000000,0.000000,0.000000,0.000000,0.000000,0.000000,0.000000,0.000000
-2.593412,-0.400000,0.000000,-0.037540,-0.037479,0.000000,0.006850,0.000000,96.862572,0.000000,0.000000,0.000000,0.000000,0.000000,0.000000,0.000000,0.000000,0.000000
-2.600949,-1.410000,0.000000,-0.037649,-0.037479,0.000000,0.011450,0.000000,91.858154,0.000000,0.000000,0.000000,0.000000,0.000000,0.000000,0.000000,0.000000,0.000000
-2.628945,-3.040000,0.000000,-0.038054,-0.044004,0.000000,0.021050,-0.070995,57.514500,0.000000,0.000000,0.000000,0.000000,0.000000,0.000000,0.000000,0.000000,0.000000
-2.670941,-2.120000,0.000000,-0.038662,-0.037479,0.000000,0.030150,0.000000,84.105125,0.000000,0.000000,0.000000,0.000000,0.000000,0.000000,0.000000,0.000000,0.000000
-2.705014,1.080000,0.000000,-0.039155,-0.037479,0.000000,0.035850,0.000000,78.598114,0.000000,0.000000,0.000000,0.000000,0.000000,0.000000,0.000000,0.000000,0.000000
3.531101,1.740000,0.000000,0.040932,-0.037479,0.000000,0.001250,0.000000,98.874321,0.000000,0.000000,0.000000,0.000000,0.000000,0.000000,0.000000,0.000000,0.000000
2.804692,-0.200000,0.000000,0.040598,0.037479,0.000000,-0.048750,0.000000,139.562500,0.000000,0.000000,0.000000,0.000000,0.000000,0.000000,0.000000,0.000000,0.000000
2.726089,-7.280000,0.000000,0.039460,0.037479,0.000000,-0.038950,0.000000,128.624496,0.000000,0.000000,0.000000,0.000000,0.000000,0.000000,0.000000,0.000000,0.000000
2.645540,-2.450000,0.000000,0.038294,0.037479,0.000000,-0.025050,0.000000,117.953506,0.000000,0.000000,0.000000,0.000000,0.000000,0.000000,0.000000,0.000000,0.000000
2.602647,2.740000,0.000000,0.037673,0.039662,0.000000,-0.012250,-0.041060,80.103012,0.000000,0.000000,0.000000,0.000000,0.000000,0.000000,0.000000,0.000000,0.000000
2.589241,3.260000,0.000000,0.037479,0.047189,0.000000,-0.000550,-0.086603,59.532925,0.000000,0.000000,0.000000,0.000000,0.000000,0.000000,0.000000,0.000000,0.000000
2.594180,3.980000,0.000000,0.037551,0.057611,0.000000,0.007450,-0.124701,49.534534,0.000000,0.000000,0.000000,0.000000,0.000000,0.000000,0.000000,0.000000,0.000000
2.605170,-1.530000,0.000000,0.037710,0.037479,0.000000,0.013350,0.000000,97.196442,0.000000,0.000000,0.000000,0.000000,0.000000,0.000000,0.000000,0.000000,0.000000
2.619059,3.570000,0.000000,0.037911,0.051676,0.000000,0.018250,-0.104720,50.300716,0.000000,0.000000,0.000000,0.000000,0.000000,0.000000,0.000000,0.000000,0.000000
2.659398,3.720000,0.000000,0.038495,0.053847,0.000000,0.027950,-0.112443,48.463737,0.000000,0.000000,0.000000,0.000000,0.000000,0.000000,0.000000,0.000000,0.000000
2.686925,1.780000,0.000000,0.038893,0.037479,0.000000,0.032950,0.000000,84.555199,0.000000,0.000000,0.000000,0.000000,0.000000,0.000000,0.000000,0.000000,0.000000
2.717717,0.190000,0.000000,0.039339,0.037479,0.000000,0.037750,0.000000,77.760201,0.000000,0.000000,0.000000,0.000000,0.000000,0.000000,0.000000,0.000000,0.000000
-3.531101,-0.240000,0.000000,-0.040932,0.037479,0.000000,0.001250,0.000000,98.763000,0.000000,0.000000,0.000000,0.000000,0.000000,0.000000,0.000000,0.000000,0.000000
-2.804692,-1.720000,0.000000,-0.040598,-0.037479,0.000000,-0.048750,0.000000,139.562500,0.000000,0.000000,0.000000,0.000000,0.000000,0.000000,0.000000,0.000000,0.000000
-2.726089,-1.940000,0.000000,-0.039460,-0.037479,0.000000,-0.038950,0.000000,128.624496,0.000000,0.000000,0.000000,0.000000,0.000000,0.000000,0.000000,0.000000,0.000000
-2.645540,0.160000,0.000000,-0.038294,-0.037479,0.000000,-0.025050,0.000000,117.953491,0.000000,0.000000,0.000000,0.000000,0.000000,0.000000,0.000000,0.000000,0.000000
-2.602647,-0.990000,0.000000,-0.037673,-0.037479,0.000000,-0.012250,0.000000,108.419502,0.000000,0.000000,0.000000,0.000000,0.000000,0.000000,0.000000,0.000000,0.000000
-2.589241,-1.500000,0.000000,-0.037479,-0.037479,0.000000,-0.000550,0.000000,100.289497,0.000000,0.000000,0.000000,0.000000,0.000000,0.000000,0.000000,0.000000,0.000000
-2.598617,0.770000,0.000000,-0.037615,-0.037479,0.000000,0.010250,0.000000,92.305840,0.000000,0.000000,0.000000,0.000000,0.000000,0.000000,0.000000,0.000000,0.000000
-2.625976,-1.110000,0.000000,-0.038011,-0.037479,0.000000,0.020250,0.000000,86.365105,0.000000,0.000000,0.000000,0.000000,0.000000,0.000000,0.000000,0.000000,0.000000
-2.667172,-4.890000,0.000000,-0.038607,-0.070783,0.000000,0.029450,-0.160391,39.595203,0.000000,0.000000,0.000000,0.000000,0.000000,0.000000,0.000000,0.000000,0.000000
-2.719785,-4.130000,0.000000,-0.039369,-0.059782,0.000000,0.038050,0.131254,186.885498,0.000000,0.000000,0.000000,0.000000,0.000000,0.000000,0.000000,0.000000,0.000000
3.531101,0.220000,0.000000,0.040932,-0.037479,0.000000,0.001250,0.000000,93.804466,0.000000,0.000000,0.000000,0.000000,0.000000,0.000000,0.000000,0.000000,0.000000
2.804692,1.490000,0.000000,0.040598,0.037479,0.000000,-0.048750,0.000000,139.562500,0.000000,0.000000,0.000000,0.000000,0.000000,0.000000,0.000000,0.000000,0.000000
2.729657,-0.390000,0.000000,0.039512,0.037479,0.000000,-0.039450,0.000000,129.029495,0.000000,0.000000,0.000000,0.000000,0.000000,0.000000,0.000000,0.000000,0.000000
2.647819,-2.180000,0.000000,0.038327,0.037479,0.000000,-0.025550,0.000000,118.328499,0.000000,0.000000,0.000000,0.000000,0.000000,0.000000,0.000000,0.000000,0.000000
2.603540,5.830000,0.000000,0.037686,0.084389,0.000000,-0.012650,-0.190356,40.737408,0.000000,0.000000,0.000000,0.000000,0.000000,0.000000,0.000000,0.000000,0.000000
2.589279,2.320000,0.000000,0.037480,0.037479,0.000000,-0.000850,0.000000,111.350845,0.000000,0.000000,0.000000,0.000000,0.000000,0.000000,0.000000,0.000000,0.000000
2.590102,-1.220000,0.000000,0.037492,0.037479,0.000000,0.003150,0.000000,97.463509,0.000000,0.000000,0.000000,0.000000,0.000000,0.000000,0.000000,0.000000,0.000000
2.607397,6.190000,0.000000,0.037742,0.089600,0.000000,0.014250,-0.200650,36.512333,0.000000,0.000000,0.000000,0.000000,0.000000,0.000000,0.000000,0.000000,0.000000
2.640686,2.200000,0.000000,0.038224,0.037479,0.000000,0.023950,0.000000,93.891876,0.000000,0.000000,0.000000,0.000000,0.000000,0.000000,0.000000,0.000000,0.000000
2.657395,1.300000,0.000000,0.038466,0.037479,0.000000,0.027550,0.000000,82.727699,0.000000,0.000000,0.000000,0.000000,0.000000,0.000000,0.000000,0.000000,0.000000
2.711615,1.630000,0.000000,0.039251,0.037479,0.000000,0.036850,0.000000,78.005859,0.000000,0.000000,0.000000,0.000000,0.000000,0.000000,0.000000,0.000000,0.000000
-3.531101,1.110000,0.000000,-0.040932,0.037479,0.000000,0.001250,0.000000,98.815689,0.000000,0.000000,0.000000,0.000000,0.000000,0.000000,0.000000,0.000000,0.000000
-2.804692,-2.970000,0.000000,-0.040598,-0.042991,0.000000,-0.048750,-0.065250,88.268959,0.000000,0.000000,0.000000,0.000000,0.000000,0.000000,0.000000,0.000000,0.000000
-2.726089,0.570000,0.000000,-0.039460,-0.037479,0.000000,-0.038950,0.000000,132.539505,0.000000,0.000000,0.000000,0.000000,0.000000,0.000000,0.000000,0.000000,0.000000
-2.670941,-0.100000,0.000000,-0.038662,-0.037479,0.000000,-0.030150,0.000000,122.084496,0.000000,0.000000,0.000000,0.000000,0.000000,0.000000,0.000000,0.000000,0.000000
-2.614953,-0.770000,0.000000,-0.037852,-0.037479,0.000000,-0.016950,0.000000,111.920502,0.000000,0.000000,0.000000,0.000000,0.000000,0.000000,0.000000,0.000000,0.000000
-2.591232,-1.410000,0.000000,-0.037508,-0.037479,0.000000,-0.004750,0.000000,102.830490,0.000000,0.000000,0.000000,0.000000,0.000000,0.000000,0.000000,0.000000,0.000000
-2.592822,-2.940000,0.000000,-0.037531,-0.042557,0.000000,0.006350,-0.062627,64.038353,0.000000,0.000000,0.000000,0.000000,0.000000,0.000000,0.000000,0.000000,0.000000
-2.613750,-1.570000,0.000000,-0.037834,-0.037479,0.000000,0.016550,0.000000,91.519035,0.000000,0.000000,0.000000,0.000000,0.000000,0.000000,0.000000,0.000000,0.000000
-2.636464,-2.940000,0.000000,-0.038163,-0.042557,0.000000,0.022950,-0.062627,59.409084,0.000000,0.000000,0.000000,0.000000,0.000000,0.000000,0.000000,0.000000,0.000000
-2.681629,-2.820000,0.000000,-0.038817,-0.040820,0.000000,0.032050,0.050798,120.320404,0.000000,0.000000,0.000000,0.000000,0.000000,0.000000,0.000000,0.000000,0.000000
3.531101,0.470000,0.000000,0.040932,-0.037479,0.000000,0.001250,0.000000,97.907356,0.000000,0.000000,0.000000,0.000000,0.000000,0.000000,0.000000,0.000000,0.000000
2.804692,0.370000,0.000000,0.040598,0.037479,0.000000,-0.048750,0.000000,139.562500,0.000000,0.000000,0.000000,0.000000,0.000000,0.000000,0.000000,0.000000,0.000000
2.726799,-4.170000,0.000000,0.039470,0.037479,0.000000,-0.039050,0.000000,128.705505,0.000000,0.000000,0.000000,0.000000,0.000000,0.000000,0.000000,0.000000,0.000000
2.645992,-7.400000,0.000000,0.038301,0.037479,0.000000,-0.025150,0.000000,118.028496,0.000000,0.000000,0.000000,0.000000,0.000000,0.000000,0.000000,0.000000,0.000000
2.602868,2.630000,0.000000,0.037677,0.038069,0.000000,-0.012350,0.021355,125.791946,0.000000,0.000000,0.000000,0.000000,0.000000,0.000000,0.000000,0.000000,0.000000
2.589241,0.860000,0.000000,0.037479,0.037479,0.000000,-0.000550,0.000000,101.576790,0.000000,0.000000,0.000000,0.000000,0.000000,0.000000,0.000000,0.000000,0.000000
2.601997,4.260000,0.000000,0.037664,0.061664,0.000000,0.011950,-0.136679,45.367458,0.000000,0.000000,0.000000,0.000000,0.000000,0.000000,0.000000,0.000000,0.000000
2.632821,5.030000,0.000000,0.038110,0.072809,0.000000,0.022050,-0.165198,41.194069,0.000000,0.000000,0.000000,0.000000,0.000000,0.000000,0.000000,0.000000,0.000000
2.652515,2.520000,0.000000,0.038395,0.037479,0.000000,0.026550,0.000000,90.686005,0.000000,0.000000,0.000000,0.000000,0.000000,0.000000,0.000000,0.000000,0.000000
2.673689,3.980000,0.000000,0.038702,0.057611,0.000000,0.030650,-0.124701,44.594769,0.000000,0.000000,0.000000,0.000000,0.000000,0.000000,0.000000,0.000000,0.000000
2.731098,0.800000,0.000000,0.039533,0.037479,0.000000,0.039650,0.000000,81.436264,0.000000,0.000000,0.000000,0.000000,0.000000,0.000000,0.000000,0.000000,0.000000
-3.531101,-3.370000,0.000000,-0.040932,0.037479,0.000000,0.001250,0.000000,98.651924,0.000000,0.000000,0.000000,0.000000,0.000000,0.000000,0.000000,0.000000,0.000000
-2.804692,-2.730000,0.000000,-0.040598,-0.039517,0.000000,-0.048750,0.039675,171.699524,0.000000,0.000000,0.000000,0.000000,0.000000,0.000000,0.000000,0.000000,0.000000
-2.726089,0.470000,0.000000,-0.039460,-0.037479,0.000000,-0.038950,0.000000,126.243973,0.000000,0.000000,0.000000,0.000000,0.000000,0.000000,0.000000,0.000000,0.000000
-2.632031,-1.230000,0.000000,-0.038099,-0.037479,0.000000,-0.021850,0.000000,115.361496,0.000000,0.000000,0.000000,0.000000,0.000000,0.000000,0.000000,0.000000,0.000000
-2.596870,-4.570000,0.000000,-0.037590,-0.066151,0.000000,-0.009250,-0.148819,46.650013,0.000000,0.000000,0.000000,0.000000,0.000000,0.000000,0.000000,0.000000,0.000000
-2.589667,-7.570000,0.000000,-0.037485,-0.109576,0.000000,0.002250,-0.235988,35.137222,0.000000,0.000000,0.000000,0.000000,0.000000,0.000000,0.000000,0.000000,0.000000
-2.593412,0.860000,0.000000,-0.037540,-0.037479,0.000000,0.006850,0.000000,91.957603,0.000000,0.000000,0.000000,0.000000,0.000000,0.000000,0.000000,0.000000,0.000000
-2.598801,-0.730000,0.000000,-0.037618,-0.037479,0.000000,0.010350,0.000000,92.616173,0.000000,0.000000,0.000000,0.000000,0.000000,0.000000,0.000000,0.000000,0.000000
-2.623122,-3.280000,0.000000,-0.037970,-0.047478,0.000000,0.019450,-0.087885,53.671108,0.000000,0.000000,0.000000,0.000000,0.000000,0.000000,0.000000,0.000000,0.000000
-2.662974,-2.770000,0.000000,-0.038547,-0.040096,0.000000,0.028650,0.044960,119.650925,0.000000,0.000000,0.000000,0.000000,0.000000,0.000000,0.000000,0.000000,0.000000
-2.692986,-1.260000,0.000000,-0.038981,-0.037479,0.000000,0.033950,0.000000,77.834282,0.000000,0.000000,0.000000,0.000000,0.000000,0.000000,0.000000,0.000000,0.000000
3.531101,-0.280000,0.000000,0.040932,-0.037479,0.000000,0.001250,0.000000,98.985893,0.000000,0.000000,0.000000,0.000000,0.000000,0.000000,0.000000,0.000000,0.000000
2.804692,1.980000,0.000000,0.040598,0.037479,0.000000,-0.048750,0.000000,139.562500,0.000000,0.000000,0.000000,0.000000,0.000000,0.000000,0.000000,0.000000,0.000000
2.726089,-2.300000,0.000000,0.039460,0.037479,0.000000,-0.038950,0.000000,128.624496,0.000000,0.000000,0.000000,0.000000,0.000000,0.000000,0.000000,0.000000,0.000000
2.645540,-1.850000,0.000000,0.038294,0.037479,0.000000,-0.025050,0.000000,117.953506,0.000000,0.000000,0.000000,0.000000,0.000000,0.000000,0.000000,0.000000,0.000000
2.602647,2.440000,0.000000,0.037673,0.037479,0.000000,-0.012250,0.000000,108.419502,0.000000,0.000000,0.000000,0.000000,0.000000,0.000000,0.000000,0.000000,0.000000
2.589241,4.030000,0.000000,0.037479,0.058334,0.000000,-0.000550,-0.126923,49.237518,0.000000,0.000000,0.000000,0.000000,0.000000,0.000000,0.000000,0.000000,0.000000
2.598617,0.450000,0.000000,0.037615,0.037479,0.000000,0.010250,0.000000,99.285027,0.000000,0.000000,0.000000,0.000000,0.000000,0.000000,0.000000,0.000000,0.000000
2.609769,3.820000,0.000000,0.037776,0.055295,0.000000,0.015150,-0.117309,48.384697,0.000000,0.000000,0.000000,0.000000,0.000000,0.000000,0.000000,0.000000,0.000000
2.645540,0.650000,0.000000,0.038294,0.037479,0.000000,0.025050,0.000000,89.013145,0.000000,0.000000,0.000000,0.000000,0.000000,0.000000,0.000000,0.000000,0.000000
2.669314,0.190000,0.000000,0.038638,0.037479,0.000000,0.029850,0.000000,81.515869,0.000000,0.000000,0.000000,0.000000,0.000000,0.000000,0.000000,0.000000,0.000000
2.724675,2.000000,0.000000,0.039440,0.037479,0.000000,0.038750,0.000000,77.162582,0.000000,0.000000,0.000000,0.000000,0.000000,0.000000,0.000000,0.000000,0.000000
-3.531101,-1.050000,0.000000,-0.040932,0.037479,0.000000,0.001250,0.000000,98.704498,0.000000,0.000000,0.000000,0.000000,0.000000,0.000000,0.000000,0.000000,0.000000
-2.804692,0.350000,0.000000,-0.040598,-0.037479,0.000000,-0.048750,0.000000,139.562500,0.000000,0.000000,0.000000,0.000000,0.000000,0.000000,0.000000,0.000000,0.000000
-2.726089,3.660000,0.000000,-0.039460,-0.037479,0.000000,-0.038950,0.000000,128.624496,0.000000,0.000000,0.000000,0.000000,0.000000,0.000000,0.000000,0.000000,0.000000
-2.645540,0.710000,0.000000,-0.038294,-0.037479,0.000000,-0.025050,0.000000,117.953491,0.000000,0.000000,0.000000,0.000000,0.000000,0.000000,0.000000,0.000000,0.000000
-2.602647,-3.710000,0.000000,-0.037673,-0.053702,0.000000,-0.012250,-0.111944,54.868057,0.000000,0.000000,0.000000,0.000000,0.000000,0.000000,0.000000,0.000000,0.000000
-2.589241,-3.540000,0.000000,-0.037479,-0.051242,0.000000,-0.000550,0.103106,189.942657,0.000000,0.000000,0.000000,0.000000,0.000000,0.000000,0.000000,0.000000,0.000000
-2.591318,-2.810000,0.000000,-0.037509,-0.040675,0.000000,0.004850,0.049685,130.097137,0.000000,0.000000,0.000000,0.000000,0.000000,0.000000,0.000000,0.000000,0.000000
-2.639827,-1.920000,0.000000,-0.038212,-0.037479,0.000000,0.023750,0.000000,82.015877,0.000000,0.000000,0.000000,0.000000,0.000000,0.000000,0.000000,0.000000,0.000000
-2.710947,-3.920000,0.000000,-0.039241,-0.056742,0.000000,0.036750,-0.121982,44.024216,0.000000,0.000000,0.000000,0.000000,0.000000,0.000000,0.000000,0.000000,0.000000
3.531101,-6.260000,0.000000,0.040932,-0.090614,0.000000,0.001250,-0.202591,39.125568,0.000000,0.000000,0.000000,0.000000,0.000000,0.000000,0.000000,0.000000,0.000000
2.804692,0.460000,0.000000,0.040598,0.037479,0.000000,-0.048750,0.000000,151.717972,0.000000,0.000000,0.000000,0.000000,0.000000,0.000000,0.000000,0.000000,0.000000
2.771213,-1.130000,0.000000,0.040113,0.037479,0.000000,-0.044850,0.000000,133.403503,0.000000,0.000000,0.000000,0.000000,0.000000,0.000000,0.000000,0.000000,0.000000
2.668776,-10.810000,0.000000,0.038631,0.037479,0.000000,-0.029750,0.000000,121.406509,0.000000,0.000000,0.000000,0.000000,0.000000,0.000000,0.000000,0.000000,0.000000
2.613454,0.220000,0.000000,0.037830,0.037479,0.000000,-0.016450,0.000000,111.539505,0.000000,0.000000,0.000000,0.000000,0.000000,0.000000,0.000000,0.000000,0.000000
2.590907,5.850000,0.000000,0.037503,0.084679,0.000000,-0.004350,-0.190942,39.662605,0.000000,0.000000,0.000000,0.000000,0.000000,0.000000,0.000000,0.000000,0.000000
2.593290,-0.070000,0.000000,0.037538,0.037479,0.000000,0.006750,0.000000,94.582298,0.000000,0.000000,0.000000,0.000000,0.000000,0.000000,0.000000,0.000000,0.000000
2.599365,1.360000,0.000000,0.037626,0.037479,0.000000,0.010650,0.000000,92.403084,0.000000,0.000000,0.000000,0.000000,0.000000,0.000000,0.000000,0.000000,0.000000
2.625252,4.340000,0.000000,0.038001,0.062822,0.000000,0.020050,-0.139913,43.681320,0.000000,0.000000,0.000000,0.000000,0.000000,0.000000,0.000000,0.000000,0.000000
2.666111,2.390000,0.000000,0.038592,0.037479,0.000000,0.029250,0.000000,87.646461,0.000000,0.000000,0.000000,0.000000,0.000000,0.000000,0.000000,0.000000,0.000000
2.690539,-2.410000,0.000000,0.038946,0.037479,0.000000,0.033550,0.000000,79.731781,0.000000,0.000000,0.000000,0.000000,0.000000,0.000000,0.000000,0.000000,0.000000
-3.531101,-2.860000,0.000000,-0.040932,0.037479,0.000000,0.001250,0.000000,99.009415,0.000000,0.000000,0.000000,0.000000,0.000000,0.000000,0.000000,0.000000,0.000000
-2.804692,2.190000,0.000000,-0.040598,-0.037479,0.000000,-0.048750,0.000000,139.562500,0.000000,0.000000,0.000000,0.000000,0.000000,0.000000,0.000000,0.000000,0.000000
-2.725381,2.310000,0.000000,-0.039450,-0.037479,0.000000,-0.038850,0.000000,128.543503,0.000000,0.000000,0.000000,0.000000,0.000000,0.000000,0.000000,0.000000,0.000000
-2.645089,2.610000,0.000000,-0.038288,-0.037479,0.000000,-0.024950,0.000000,117.878494,0.000000,0.000000,0.000000,0.000000,0.000000,0.000000,0.000000,0.000000,0.000000
-2.602428,-5.500000,0.000000,-0.037670,-0.079613,0.000000,-0.012150,-0.180404,42.055218,0.000000,0.000000,0.000000,0.000000,0.000000,0.000000,0.000000,0.000000,0.000000
-2.589232,-6.450000,0.000000,-0.037479,-0.093364,0.000000,-0.000450,-0.207768,38.784901,0.000000,0.000000,0.000000,0.000000,0.000000,0.000000,0.000000,0.000000,0.000000
-2.590472,0.080000,0.000000,-0.037497,-0.037479,0.000000,0.003750,0.000000,91.406364,0.000000,0.000000,0.000000,0.000000,0.000000,0.000000,0.000000,0.000000,0.000000
-2.594314,-3.240000,0.000000,-0.037553,-0.046899,0.000000,0.007550,-0.085302,57.147686,0.000000,0.000000,0.000000,0.000000,0.000000,0.000000,0.000000,0.000000,0.000000
-2.614048,-5.390000,0.000000,-0.037838,-0.078020,0.000000,0.016650,-0.176962,39.800232,0.000000,0.000000,0.000000,0.000000,0.000000,0.000000,0.000000,0.000000,0.000000
-2.634019,-0.850000,0.000000,-0.038127,-0.037479,0.000000,0.022350,0.000000,93.908379,0.000000,0.000000,0.000000,0.000000,0.000000,0.000000,0.000000,0.000000,0.000000
-2.651087,-0.960000,0.000000,-0.038375,-0.037479,0.000000,0.026250,0.000000,83.387878,0.000000,0.000000,0.000000,0.000000,0.000000,0.000000,0.000000,0.000000,0.000000
-2.703070,-1.320000,0.000000,-0.039127,-0.037479,0.000000,0.035550,0.000000,78.603683,0.000000,0.000000,0.000000,0.000000,0.000000,0.000000,0.000000,0.000000,0.000000
3.531101,-1.660000,0.000000,0.040932,-0.037479,0.000000,0.001250,0.000000,98.891922,0.000000,0.000000,0.000000,0.000000,0.000000,0.000000,0.000000,0.000000,0.000000
2.804692,1.500000,0.000000,0.040598,0.037479,0.000000,-0.048750,0.000000,139.562500,0.000000,0.000000,0.000000,0.000000,0.000000,0.000000,0.000000,0.000000,0.000000
2.726089,1.080000,0.000000,0.039460,0.037479,0.000000,-0.038950,0.000000,128.624496,0.000000,0.000000,0.000000,0.000000,0.000000,0.000000,0.000000,0.000000,0.000000
2.645540,-0.030000,0.000000,0.038294,0.037479,0.000000,-0.025050,0.000000,117.953506,0.000000,0.000000,0.000000,0.000000,0.000000,0.000000,0.000000,0.000000,0.000000
2.602647,-1.190000,0.000000,0.037673,0.037479,0.000000,-0.012250,0.000000,108.419502,0.000000,0.000000,0.000000,0.000000,0.000000,0.000000,0.000000,0.000000,0.000000
2.589241,2.210000,0.000000,0.037479,0.037479,0.000000,-0.000550,0.000000,100.289497,0.000000,0.000000,0.000000,0.000000,0.000000,0.000000,0.000000,0.000000,0.000000
2.598617,3.230000,0.000000,0.037615,0.046754,0.000000,0.010250,-0.084644,56.529976,0.000000,0.000000,0.000000,0.000000,0.000000,0.000000,0.000000,0.000000,0.000000
2.625976,1.120000,0.000000,0.038011,0.037479,0.000000,0.020250,0.000000,90.327019,0.000000,0.000000,0.000000,0.000000,0.000000,0.000000,0.000000,0.000000,0.000000
2.649209,3.070000,0.000000,0.038347,0.044438,0.000000,0.025850,-0.073319,55.831024,0.000000,0.000000,0.000000,0.000000,0.000000,0.000000,0.000000,0.000000,0.000000
2.698599,2.370000,0.000000,0.039062,0.037479,0.000000,0.034850,0.000000,81.780624,0.000000,0.000000,0.000000,0.000000,0.000000,0.000000,0.000000,0.000000,0.000000
2.736199,1.620000,0.000000,0.039607,0.037479,0.000000,0.040350,0.000000,76.574081,0.000000,0.000000,0.000000,0.000000,0.000000,0.000000,0.000000,0.000000,0.000000
-3.531101,-3.720000,0.000000,-0.040932,0.037479,0.000000,0.001250,0.000000,98.611061,0.000000,0.000000,0.000000,0.000000,0.000000,0.000000,0.000000,0.000000,0.000000
-2.804692,-4.430000,0.000000,-0.040598,-0.064124,0.000000,-0.048750,-0.143464,56.611298,0.000000,0.000000,0.000000,0.000000,0.000000,0.000000,0.000000,0.000000,0.000000
-2.726089,0.470000,0.000000,-0.039460,-0.037479,0.000000,-0.038950,0.000000,137.232330,0.000000,0.000000,0.000000,0.000000,0.000000,0.000000,0.000000,0.000000,0.000000
-2.689327,-0.600000,0.000000,-0.038928,-0.037479,0.000000,-0.033350,0.000000,124.676491,0.000000,0.000000,0.000000,0.000000,0.000000,0.000000,0.000000,0.000000,0.000000
-2.623825,-4.910000,0.000000,-0.037980,-0.071072,0.000000,-0.019650,-0.161086,46.175667,0.000000,0.000000,0.000000,0.000000,0.000000,0.000000,0.000000,0.000000,0.000000
-2.593917,-6.320000,0.000000,-0.037547,-0.091482,0.000000,-0.007250,-0.204240,39.828613,0.000000,0.000000,0.000000,0.000000,0.000000,0.000000,0.000000,0.000000,0.000000
-2.589843,-2.080000,0.000000,-0.037488,-0.037479,0.000000,-0.002650,0.000000,113.965897,0.000000,0.000000,0.000000,0.000000,0.000000,0.000000,0.000000,0.000000,0.000000
-2.589354,-0.920000,0.000000,-0.037481,-0.037479,0.000000,0.001250,0.000000,98.842056,0.000000,0.000000,0.000000,0.000000,0.000000,0.000000,0.000000,0.000000,0.000000
-2.603313,-4.880000,0.000000,-0.037683,-0.070638,0.000000,0.012550,-0.160042,41.714596,0.000000,0.000000,0.000000,0.000000,0.000000,0.000000,0.000000,0.000000,0.000000
-2.634019,0.870000,0.000000,-0.038127,-0.037479,0.000000,0.022350,0.000000,92.809143,0.000000,0.000000,0.000000,0.000000,0.000000,0.000000,0.000000,0.000000,0.000000
-2.652037,1.050000,0.000000,-0.038388,-0.037479,0.000000,0.026450,0.000000,83.275391,0.000000,0.000000,0.000000,0.000000,0.000000,0.000000,0.000000,0.000000,0.000000
-2.703716,-1.420000,0.000000,-0.039136,-0.037479,0.000000,0.035650,0.000000,78.561066,0.000000,0.000000,0.000000,0.000000,0.000000,0.000000,0.000000,0.000000,0.000000
3.531101,0.880000,0.000000,0.040932,-0.037479,0.000000,0.001250,0.000000,98.886055,0.000000,0.000000,0.000000,0.000000,0.000000,0.000000,0.000000,0.000000,0.000000
2.804692,0.240000,0.000000,0.040598,0.037479,0.000000,-0.048750,0.000000,139.562500,0.000000,0.000000,0.000000,0.000000,0.000000,0.000000,0.000000,0.000000,0.000000
2.726089,-1.900000,0.000000,0.039460,0.037479,0.000000,-0.038950,0.000000,128.624496,0.000000,0.000000,0.000000,0.000000,0.000000,0.000000,0.000000,0.000000,0.000000
2.645540,-7.280000,0.000000,0.038294,0.037479,0.000000,-0.025050,0.000000,117.953506,0.000000,0.000000,0.000000,0.000000,0.000000,0.000000,0.000000,0.000000,0.000000
2.602647,-0.670000,0.000000,0.037673,0.037479,0.000000,-0.012250,0.000000,108.419502,0.000000,0.000000,0.000000,0.000000,0.000000,0.000000,0.000000,0.000000,0.000000
2.589241,5.260000,0.000000,0.037479,0.076139,0.000000,-0.000550,-0.172807,41.621086,0.000000,0.000000,0.000000,0.000000,0.000000,0.000000,0.000000,0.000000,0.000000
2.598617,0.580000,0.000000,0.037615,0.037479,0.000000,0.010250,0.000000,98.007614,0.000000,0.000000,0.000000,0.000000,0.000000,0.000000,0.000000,0.000000,0.000000
2.607653,5.060000,0.000000,0.037746,0.073244,0.000000,0.014350,-0.166210,40.710155,0.000000,0.000000,0.000000,0.000000,0.000000,0.000000,0.000000,0.000000,0.000000
2.641552,3.230000,0.000000,0.038237,0.046754,0.000000,0.024150,0.084644,159.833923,0.000000,0.000000,0.000000,0.000000,0.000000,0.000000,0.000000,0.000000,0.000000
2.660410,0.570000,0.000000,0.038510,0.037479,0.000000,0.028150,0.000000,79.094437,0.000000,0.000000,0.000000,0.000000,0.000000,0.000000,0.000000,0.000000,0.000000
-3.531101,6.460000,0.000000,-0.040932,0.093509,0.000000,0.001250,-0.208037,37.336655,0.000000,0.000000,0.000000,0.000000,0.000000,0.000000,0.000000,0.000000,0.000000
-2.804692,-1.930000,0.000000,-0.040598,-0.037479,0.000000,-0.048750,0.000000,152.044708,0.000000,0.000000,0.000000,0.000000,0.000000,0.000000,0.000000,0.000000,0.000000
-2.772858,-2.720000,0.000000,-0.040137,-0.039372,0.000000,-0.045050,-0.038240,102.590836,0.000000,0.000000,0.000000,0.000000,0.000000,0.000000,0.000000,0.000000,0.000000
-2.669314,7.910000,0.000000,-0.038638,-0.037479,0.000000,-0.029850,0.000000,123.769913,0.000000,0.000000,0.000000,0.000000,0.000000,0.000000,0.000000,0.000000,0.000000
-2.623825,7.990000,0.000000,-0.037980,-0.037479,0.000000,-0.019650,0.000000,114.125488,0.000000,0.000000,0.000000,0.000000,0.000000,0.000000,0.000000,0.000000,0.000000
-2.594047,-5.820000,0.000000,-0.037549,-0.084245,0.000000,-0.007350,0.190062,258.724548,0.000000,0.000000,0.000000,0.000000,0.000000,0.000000,0.000000,0.000000,0.000000
-2.590682,-3.590000,0.000000,-0.037500,-0.051965,0.000000,0.004050,0.105782,170.558121,0.000000,0.000000,0.000000,0.000000,0.000000,0.000000,0.000000,0.000000,0.000000
-2.669315,-2.750000,0.000000,-0.038638,-0.039806,0.000000,0.029850,0.042400,104.061531,0.000000,0.000000,0.000000,0.000000,0.000000,0.000000,0.000000,0.000000,0.000000
3.531101,1.250000,0.000000,0.040932,-0.037479,0.000000,0.001250,0.000000,98.265129,0.000000,0.000000,0.000000,0.000000,0.000000,0.000000,0.000000,0.000000,0.000000
2.804692,-0.240000,0.000000,0.040598,0.037479,0.000000,-0.048750,0.000000,139.562500,0.000000,0.000000,0.000000,0.000000,0.000000,0.000000,0.000000,0.000000,0.000000
2.726089,-1.340000,0.000000,0.039460,0.037479,0.000000,-0.038950,0.000000,128.624496,0.000000,0.000000,0.000000,0.000000,0.000000,0.000000,0.000000,0.000000,0.000000
2.645540,0.320000,0.000000,0.038294,0.037479,0.000000,-0.025050,0.000000,117.953506,0.000000,0.000000,0.000000,0.000000,0.000000,0.000000,0.000000,0.000000,0.000000
2.602647,-0.350000,0.000000,0.037673,0.037479,0.000000,-0.012250,0.000000,108.419502,0.000000,0.000000,0.000000,0.000000,0.000000,0.000000,0.000000,0.000000,0.000000
2.589241,2.560000,0.000000,0.037479,0.037479,0.000000,-0.000550,0.000000,100.289497,0.000000,0.000000,0.000000,0.000000,0.000000,0.000000,0.000000,0.000000,0.000000
2.598617,-1.660000,0.000000,0.037615,0.037479,0.000000,0.010250,0.000000,92.305840,0.000000,0.000000,0.000000,0.000000,0.000000,0.000000,0.000000,0.000000,0.000000
2.625976,4.060000,0.000000,0.038011,0.058769,0.000000,0.020250,-0.128238,45.524914,0.000000,0.000000,0.000000,0.000000,0.000000,0.000000,0.000000,0.000000,0.000000
2.667172,1.470000,0.000000,0.038607,0.037479,0.000000,0.029450,0.000000,86.997948,0.000000,0.000000,0.000000,0.000000,0.000000,0.000000,0.000000,0.000000,0.000000
2.692986,1.370000,0.000000,0.038981,0.037479,0.000000,0.033950,0.000000,79.533936,0.000000,0.000000,0.000000,0.000000,0.000000,0.000000,0.000000,0.000000,0.000000
-3.531101,0.830000,0.000000,-0.040932,0.037479,0.000000,0.001250,0.000000,98.985893,0.000000,0.000000,0.000000,0.000000,0.000000,0.000000,0.000000,0.000000,0.000000
-2.804692,0.760000,0.000000,-0.040598,-0.037479,0.000000,-0.048750,0.000000,139.562500,0.000000,0.000000,0.000000,0.000000,0.000000,0.000000,0.000000,0.000000,0.000000
-2.726089,1.780000,0.000000,-0.039460,-0.037479,0.000000,-0.038950,0.000000,128.624496,0.000000,0.000000,0.000000,0.000000,0.000000,0.000000,0.000000,0.000000,0.000000
-2.645540,0.490000,0.000000,-0.038294,-0.037479,0.000000,-0.025050,0.000000,117.953491,0.000000,0.000000,0.000000,0.000000,0.000000,0.000000,0.000000,0.000000,0.000000
-2.602647,-0.630000,0.000000,-0.037673,-0.037479,0.000000,-0.012250,0.000000,108.419502,0.000000,0.000000,0.000000,0.000000,0.000000,0.000000,0.000000,0.000000,0.000000
-2.589241,-5.700000,0.000000,-0.037479,-0.082508,0.000000,-0.000550,-0.186499,39.784622,0.000000,0.000000,0.000000,0.000000,0.000000,0.000000,0.000000,0.000000,0.000000
-2.598617,-3.850000,0.000000,-0.037615,-0.055729,0.000000,0.010250,0.118730,199.025909,0.000000,0.000000,0.000000,0.000000,0.000000,0.000000,0.000000,0.000000,0.000000
-2.607142,-3.600000,0.000000,-0.037738,-0.052110,0.000000,0.014150,0.106309,168.140030,0.000000,0.000000,0.000000,0.000000,0.000000,0.000000,0.000000,0.000000,0.000000
3.531101,10.520000,0.000000,0.040932,-0.037479,0.000000,0.001250,0.000000,93.859657,0.000000,0.000000,0.000000,0.000000,0.000000,0.000000,0.000000,0.000000,0.000000
2.804692,0.090000,0.000000,0.040598,0.037479,0.000000,-0.048750,0.000000,139.562500,0.000000,0.000000,0.000000,0.000000,0.000000,0.000000,0.000000,0.000000,0.000000
2.729657,1.320000,0.000000,0.039512,0.037479,0.000000,-0.039450,0.000000,129.029495,0.000000,0.000000,0.000000,0.000000,0.000000,0.000000,0.000000,0.000000,0.000000
2.647819,-1.860000,0.000000,0.038327,0.037479,0.000000,-0.025550,0.000000,118.328499,0.000000,0.000000,0.000000,0.000000,0.000000,0.000000,0.000000,0.000000,0.000000
2.603540,-2.380000,0.000000,0.037686,0.037479,0.000000,-0.012650,0.000000,108.713509,0.000000,0.000000,0.000000,0.000000,0.000000,0.000000,0.000000,0.000000,0.000000
2.589279,4.130000,0.000000,0.037480,0.059782,0.000000,-0.000850,-0.131254,48.452885,0.000000,0.000000,0.000000,0.000000,0.000000,0.000000,0.000000,0.000000,0.000000
2.598074,2.410000,0.000000,0.037607,0.037479,0.000000,0.009950,0.000000,99.765282,0.000000,0.000000,0.000000,0.000000,0.000000,0.000000,0.000000,0.000000,0.000000
2.608697,-1.100000,0.000000,0.037761,0.037479,0.000000,0.014750,0.000000,89.806511,0.000000,0.000000,0.000000,0.000000,0.000000,0.000000,0.000000,0.000000,0.000000
2.643749,0.520000,0.000000,0.038268,0.037479,0.000000,0.024650,0.000000,83.976105,0.000000,0.000000,0.000000,0.000000,0.000000,0.000000,0.000000,0.000000,0.000000
2.690539,1.080000,0.000000,0.038946,0.037479,0.000000,0.033550,0.000000,79.556717,0.000000,0.000000,0.000000,0.000000,0.000000,0.000000,0.000000,0.000000,0.000000
-3.531101,-1.430000,0.000000,-0.040932,0.037479,0.000000,0.001250,0.000000,99.009415,0.000000,0.000000,0.000000,0.000000,0.000000,0.000000,0.000000,0.000000,0.000000
-2.804692,-2.470000,0.000000,-0.040598,-0.037479,0.000000,-0.048750,0.000000,139.562500,0.000000,0.000000,0.000000,0.000000,0.000000,0.000000,0.000000,0.000000,0.000000
-2.725381,4.140000,0.000000,-0.039450,-0.037479,0.000000,-0.038850,0.000000,128.543503,0.000000,0.000000,0.000000,0.000000,0.000000,0.000000,0.000000,0.000000,0.000000
-2.645089,0.880000,0.000000,-0.038288,-0.037479,0.000000,-0.024950,0.000000,117.878494,0.000000,0.000000,0.000000,0.000000,0.000000,0.000000,0.000000,0.000000,0.000000
-2.602428,0.240000,0.000000,-0.037670,-0.037479,0.000000,-0.012150,0.000000,108.344498,0.000000,0.000000,0.000000,0.000000,0.000000,0.000000,0.000000,0.000000,0.000000
-2.589232,-5.260000,0.000000,-0.037479,-0.076139,0.000000,-0.000450,-0.172807,41.608097,0.000000,0.000000,0.000000,0.000000,0.000000,0.000000,0.000000,0.000000,0.000000
-2.598801,-5.470000,0.000000,-0.037618,-0.079178,0.000000,0.010350,-0.179472,41.082226,0.000000,0.000000,0.000000,0.000000,0.000000,0.000000,0.000000,0.000000,0.000000
-2.607912,-2.160000,0.000000,-0.037750,-0.037479,0.000000,0.014450,0.000000,99.685791,0.000000,0.000000,0.000000,0.000000,0.000000,0.000000,0.000000,0.000000,0.000000
-2.620051,-3.530000,0.000000,-0.037925,-0.051097,0.000000,0.018550,-0.102562,50.701286,0.000000,0.000000,0.000000,0.000000,0.000000,0.000000,0.000000,0.000000,0.000000
-2.661943,-0.890000,0.000000,-0.038532,-0.037479,0.000000,0.028450,0.000000,86.372353,0.000000,0.000000,0.000000,0.000000,0.000000,0.000000,0.000000,0.000000,0.000000
-2.689933,1.920000,0.000000,-0.038937,-0.037479,0.000000,0.033450,0.000000,79.752754,0.000000,0.000000,0.000000,0.000000,0.000000,0.000000,0.000000,0.000000,0.000000
3.531101,-3.690000,0.000000,0.040932,-0.053413,0.000000,0.001250,-0.110941,52.947105,0.000000,0.000000,0.000000,0.000000,0.000000,0.000000,0.000000,0.000000,0.000000
2.804692,2.110000,0.000000,0.040598,0.037479,0.000000,-0.048750,0.000000,146.218964,0.000000,0.000000,0.000000,0.000000,0.000000,0.000000,0.000000,0.000000,0.000000
2.760702,0.610000,0.000000,0.039961,0.037479,0.000000,-0.043550,0.000000,132.350510,0.000000,0.000000,0.000000,0.000000,0.000000,0.000000,0.000000,0.000000,0.000000
2.664535,0.010000,0.000000,0.038569,0.037479,0.000000,-0.028950,0.000000,120.836494,0.000000,0.000000,0.000000,0.000000,0.000000,0.000000,0.000000,0.000000,0.000000
2.611432,0.020000,0.000000,0.037801,0.037479,0.000000,-0.015750,0.000000,111.020508,0.000000,0.000000,0.000000,0.000000,0.000000,0.000000,0.000000,0.000000,0.000000
2.590472,2.450000,0.000000,0.037497,0.037479,0.000000,-0.003750,0.000000,102.092491,0.000000,0.000000,0.000000,0.000000,0.000000,0.000000,0.000000,0.000000,0.000000
2.594048,2.760000,0.000000,0.037549,0.039951,0.000000,0.007350,-0.043699,70.634285,0.000000,0.000000,0.000000,0.000000,0.000000,0.000000,0.000000,0.000000,0.000000
2.616810,2.060000,0.000000,0.037878,0.037479,0.000000,0.017550,0.000000,89.966415,0.000000,0.000000,0.000000,0.000000,0.000000,0.000000,0.000000,0.000000,0.000000
2.643306,3.660000,0.000000,0.038262,0.052979,0.000000,0.024550,-0.109419,48.201660,0.000000,0.000000,0.000000,0.000000,0.000000,0.000000,0.000000,0.000000,0.000000
2.689932,3.420000,0.000000,0.038937,0.049505,0.000000,0.033450,0.096380,159.011124,0.000000,0.000000,0.000000,0.000000,0.000000,0.000000,0.000000,0.000000,0.000000
-3.531101,1.000000,0.000000,-0.040932,0.037479,0.000000,0.001250,0.000000,95.430519,0.000000,0.000000,0.000000,0.000000,0.000000,0.000000,0.000000,0.000000,0.000000
-2.804692,0.780000,0.000000,-0.040598,-0.037479,0.000000,-0.048750,0.000000,139.562500,0.000000,0.000000,0.000000,0.000000,0.000000,0.000000,0.000000,0.000000,0.000000
-2.728225,-1.150000,0.000000,-0.039491,-0.037479,0.000000,-0.039250,0.000000,128.867493,0.000000,0.000000,0.000000,0.000000,0.000000,0.000000,0.000000,0.000000,0.000000
-2.646902,-0.250000,0.000000,-0.038314,-0.037479,0.000000,-0.025350,0.000000,118.178497,0.000000,0.000000,0.000000,0.000000,0.000000,0.000000,0.000000,0.000000,0.000000
-2.603314,0.450000,0.000000,-0.037683,-0.037479,0.000000,-0.012550,0.000000,108.644501,0.000000,0.000000,0.000000,0.000000,0.000000,0.000000,0.000000,0.000000,0.000000
-2.589264,-4.430000,0.000000,-0.037480,-0.064124,0.000000,-0.000750,-0.143464,46.221149,0.000000,0.000000,0.000000,0.000000,0.000000,0.000000,0.000000,0.000000,0.000000
-2.598253,-1.180000,0.000000,-0.037610,-0.037479,0.000000,0.010050,0.000000,99.579453,0.000000,0.000000,0.000000,0.000000,0.000000,0.000000,0.000000,0.000000,0.000000
-2.608433,-2.010000,0.000000,-0.037757,-0.037479,0.000000,0.014650,0.000000,89.876724,0.000000,0.000000,0.000000,0.000000,0.000000,0.000000,0.000000,0.000000,0.000000
-2.643306,-2.270000,0.000000,-0.038262,-0.037479,0.000000,0.024550,0.000000,84.029022,0.000000,0.000000,0.000000,0.000000,0.000000,0.000000,0.000000,0.000000,0.000000
-2.689933,-1.680000,0.000000,-0.038937,-0.037479,0.000000,0.033450,0.000000,79.604202,0.000000,0.000000,0.000000,0.000000,0.000000,0.000000,0.000000,0.000000,0.000000
3.531101,-5.030000,0.000000,0.040932,-0.072809,0.000000,0.001250,-0.165198,42.952347,0.000000,0.000000,0.000000,0.000000,0.000000,0.000000,0.000000,0.000000,0.000000
2.804692,0.250000,0.000000,0.040598,0.037479,0.000000,-0.048750,0.000000,149.474411,0.000000,0.000000,0.000000,0.000000,0.000000,0.000000,0.000000,0.000000,0.000000
2.768759,0.010000,0.000000,0.040078,0.037479,0.000000,-0.044550,0.000000,133.160492,0.000000,0.000000,0.000000,0.000000,0.000000,0.000000,0.000000,0.000000,0.000000
2.668240,-4.290000,0.000000,0.038623,0.037479,0.000000,-0.029650,0.000000,121.343506,0.000000,0.000000,0.000000,0.000000,0.000000,0.000000,0.000000,0.000000,0.000000
2.613160,-2.460000,0.000000,0.037826,0.037479,0.000000,-0.016350,0.000000,111.464500,0.000000,0.000000,0.000000,0.000000,0.000000,0.000000,0.000000,0.000000,0.000000
2.590830,0.130000,0.000000,0.037502,0.037479,0.000000,-0.004250,0.000000,102.461502,0.000000,0.000000,0.000000,0.000000,0.000000,0.000000,0.000000,0.000000,0.000000
2.593412,5.080000,0.000000,0.037540,0.073533,0.000000,0.006850,-0.166882,41.497612,0.000000,0.000000,0.000000,0.000000,0.000000,0.000000,0.000000,0.000000,0.000000
2.615258,1.090000,0.000000,0.037856,0.037479,0.000000,0.017050,0.000000,96.724342,0.000000,0.000000,0.000000,0.000000,0.000000,0.000000,0.000000,0.000000,0.000000
2.629325,1.600000,0.000000,0.038060,0.037479,0.000000,0.021150,0.000000,86.126350,0.000000,0.000000,0.000000,0.000000,0.000000,0.000000,0.000000,0.000000,0.000000
2.674244,0.910000,0.000000,0.038710,0.037479,0.000000,0.030750,0.000000,80.880966,0.000000,0.000000,0.000000,0.000000,0.000000,0.000000,0.000000,0.000000,0.000000
2.728940,-0.550000,0.000000,0.039501,0.037479,0.000000,0.039350,0.000000,76.906212,0.000000,0.000000,0.000000,0.000000,0.000000,0.000000,0.000000,0.000000,0.000000
-3.531101,1.700000,0.000000,-0.040932,0.037479,0.000000,0.001250,0.000000,98.669449,0.000000,0.000000,0.000000,0.000000,0.000000,0.000000,0.000000,0.000000,0.000000
-2.804692,-0.380000,0.000000,-0.040598,-0.037479,0.000000,-0.048750,0.000000,139.562500,0.000000,0.000000,0.000000,0.000000,0.000000,0.000000,0.000000,0.000000,0.000000
-2.726089,9.540000,0.000000,-0.039460,-0.037479,0.000000,-0.038950,0.000000,128.624496,0.000000,0.000000,0.000000,0.000000,0.000000,0.000000,0.000000,0.000000,0.000000
-2.645540,2.770000,0.000000,-0.038294,-0.037479,0.000000,-0.025050,0.000000,117.953491,0.000000,0.000000,0.000000,0.000000,0.000000,0.000000,0.000000,0.000000,0.000000
-2.602647,0.400000,0.000000,-0.037673,-0.037479,0.000000,-0.012250,0.000000,108.419502,0.000000,0.000000,0.000000,0.000000,0.000000,0.000000,0.000000,0.000000,0.000000
-2.589241,-5.840000,0.000000,-0.037479,-0.084534,0.000000,-0.000550,-0.190649,39.259518,0.000000,0.000000,0.000000,0.000000,0.000000,0.000000,0.000000,0.000000,0.000000
-2.598617,0.170000,0.000000,-0.037615,-0.037479,0.000000,0.010250,0.000000,96.989967,0.000000,0.000000,0.000000,0.000000,0.000000,0.000000,0.000000,0.000000,0.000000
-2.607142,-4.400000,0.000000,-0.037738,-0.063690,0.000000,0.014150,-0.142290,44.227955,0.000000,0.000000,0.000000,0.000000,0.000000,0.000000,0.000000,0.000000,0.000000
-2.639827,-5.100000,0.000000,-0.038212,-0.073823,0.000000,0.023750,-0.167550,40.722095,0.000000,0.000000,0.000000,0.000000,0.000000,0.000000,0.000000,0.000000,0.000000
-2.660410,-5.620000,0.000000,-0.038510,-0.081350,0.000000,0.028150,-0.184085,38.397697,0.000000,0.000000,0.000000,0.000000,0.000000,0.000000,0.000000,0.000000,0.000000
-2.682210,-1.160000,0.000000,-0.038825,-0.037479,0.000000,0.032150,0.000000,88.255486,0.000000,0.000000,0.000000,0.000000,0.000000,0.000000,0.000000,0.000000,0.000000
-2.705666,1.450000,0.000000,-0.039165,-0.037479,0.000000,0.035950,0.000000,78.622223,0.000000,0.000000,0.000000,0.000000,0.000000,0.000000,0.000000,0.000000,0.000000
3.531101,0.480000,0.000000,0.040932,-0.037479,0.000000,0.001250,0.000000,98.868454,0.000000,0.000000,0.000000,0.000000,0.000000,0.000000,0.000000,0.000000,0.000000
2.804692,0.400000,0.000000,0.040598,0.037479,0.000000,-0.048750,0.000000,139.562500,0.000000,0.000000,0.000000,0.000000,0.000000,0.000000,0.000000,0.000000,0.000000
2.726089,-1.650000,0.000000,0.039460,0.037479,0.000000,-0.038950,0.000000,128.624496,0.000000,0.000000,0.000000,0.000000,0.000000,0.000000,0.000000,0.000000,0.000000
2.645540,-3.410000,0.000000,0.038294,0.037479,0.000000,-0.025050,0.000000,117.953506,0.000000,0.000000,0.000000,0.000000,0.000000,0.000000,0.000000,0.000000,0.000000
2.602647,3.200000,0.000000,0.037673,0.046320,0.000000,-0.012250,0.082639,175.357132,0.000000,0.000000,0.000000,0.000000,0.000000,0.000000,0.000000,0.000000,0.000000
2.589241,2.160000,0.000000,0.037479,0.037479,0.000000,-0.000550,0.000000,105.247841,0.000000,0.000000,0.000000,0.000000,0.000000,0.000000,0.000000,0.000000,0.000000
2.614953,3.210000,0.000000,0.037852,0.046465,0.000000,0.016950,-0.083313,55.173676,0.000000,0.000000,0.000000,0.000000,0.000000,0.000000,0.000000,0.000000,0.000000
2.656898,0.720000,0.000000,0.038459,0.037479,0.000000,0.027450,0.000000,86.044647,0.000000,0.000000,0.000000,0.000000,0.000000,0.000000,0.000000,0.000000,0.000000
2.686925,3.680000,0.000000,0.038893,0.053268,0.000000,0.032950,-0.110436,46.621002,0.000000,0.000000,0.000000,0.000000,0.000000,0.000000,0.000000,0.000000,0.000000
2.745160,-0.620000,0.000000,0.039736,0.037479,0.000000,0.041550,0.000000,79.966522,0.000000,0.000000,0.000000,0.000000,0.000000,0.000000,0.000000,0.000000,0.000000
-3.531101,-0.270000,0.000000,-0.040932,0.037479,0.000000,0.001250,0.000000,98.541100,0.000000,0.000000,0.000000,0.000000,0.000000,0.000000,0.000000,0.000000,0.000000
-2.804692,-4.840000,0.000000,-0.040598,-0.070059,0.000000,-0.048750,-0.158638,52.928410,0.000000,0.000000,0.000000,0.000000,0.000000,0.000000,0.000000,0.000000,0.000000
-2.726089,-2.700000,0.000000,-0.039460,-0.039083,0.000000,-0.038950,0.035195,166.650909,0.000000,0.000000,0.000000,0.000000,0.000000,0.000000,0.000000,0.000000,0.000000
-2.691759,0.550000,0.000000,-0.038963,-0.037479,0.000000,-0.033750,0.000000,122.888779,0.000000,0.000000,0.000000,0.000000,0.000000,0.000000,0.000000,0.000000,0.000000
-2.615564,-0.110000,0.000000,-0.037860,-0.037479,0.000000,-0.017150,0.000000,111.866501,0.000000,0.000000,0.000000,0.000000,0.000000,0.000000,0.000000,0.000000,0.000000
-2.591406,-4.060000,0.000000,-0.037511,-0.058769,0.000000,-0.004950,-0.128238,49.777996,0.000000,0.000000,0.000000,0.000000,0.000000,0.000000,0.000000,0.000000,0.000000
-2.592598,-4.000000,0.000000,-0.037528,-0.057900,0.000000,0.006150,0.125595,204.147461,0.000000,0.000000,0.000000,0.000000,0.000000,0.000000,0.000000,0.000000,0.000000
-2.600142,0.980000,0.000000,-0.037637,-0.037479,0.000000,0.011050,0.000000,86.119896,0.000000,0.000000,0.000000,0.000000,0.000000,0.000000,0.000000,0.000000,0.000000
-2.678182,-0.740000,0.000000,-0.038767,-0.037479,0.000000,0.031450,0.000000,80.120819,0.000000,0.000000,0.000000,0.000000,0.000000,0.000000,0.000000,0.000000,0.000000
-2.734001,-1.850000,0.000000,-0.039575,-0.037479,0.000000,0.040050,0.000000,76.596947,0.000000,0.000000,0.000000,0.000000,0.000000,0.000000,0.000000,0.000000,0.000000
3.531101,0.020000,0.000000,0.040932,-0.037479,0.000000,0.001250,0.000000,98.628578,0.000000,0.000000,0.000000,0.000000,0.000000,0.000000,0.000000,0.000000,0.000000
2.804692,2.180000,0.000000,0.040598,0.037479,0.000000,-0.048750,0.000000,139.562500,0.000000,0.000000,0.000000,0.000000,0.000000,0.000000,0.000000,0.000000,0.000000
2.726089,-0.050000,0.000000,0.039460,0.037479,0.000000,-0.038950,0.000000,128.624496,0.000000,0.000000,0.000000,0.000000,0.000000,0.000000,0.000000,0.000000,0.000000
2.645540,-2.540000,0.000000,0.038294,0.037479,0.000000,-0.025050,0.000000,117.953506,0.000000,0.000000,0.000000,0.000000,0.000000,0.000000,0.000000,0.000000,0.000000
2.602647,-1.390000,0.000000,0.037673,0.037479,0.000000,-0.012250,0.000000,108.419502,0.000000,0.000000,0.000000,0.000000,0.000000,0.000000,0.000000,0.000000,0.000000
2.589241,0.800000,0.000000,0.037479,0.037479,0.000000,-0.000550,0.000000,100.289497,0.000000,0.000000,0.000000,0.000000,0.000000,0.000000,0.000000,0.000000,0.000000
2.598617,1.630000,0.000000,0.037615,0.037479,0.000000,0.010250,0.000000,92.305840,0.000000,0.000000,0.000000,0.000000,0.000000,0.000000,0.000000,0.000000,0.000000
2.625976,4.340000,0.000000,0.038011,0.062822,0.000000,0.020250,-0.139913,43.645863,0.000000,0.000000,0.000000,0.000000,0.000000,0.000000,0.000000,0.000000,0.000000
2.667172,-1.530000,0.000000,0.038607,0.037479,0.000000,0.029450,0.000000,87.531387,0.000000,0.000000,0.000000,0.000000,0.000000,0.000000,0.000000,0.000000,0.000000
2.691759,0.200000,0.000000,0.038963,0.037479,0.000000,0.033750,0.000000,79.636536,0.000000,0.000000,0.000000,0.000000,0.000000,0.000000,0.000000,0.000000,0.000000
-3.531101,-0.960000,0.000000,-0.040932,0.037479,0.000000,0.001250,0.000000,98.997643,0.000000,0.000000,0.000000,0.000000,0.000000,0.000000,0.000000,0.000000,0.000000
-2.804692,0.530000,0.000000,-0.040598,-0.037479,0.000000,-0.048750,0.000000,139.562500,0.000000,0.000000,0.000000,0.000000,0.000000,0.000000,0.000000,0.000000,0.000000
-2.726089,0.770000,0.000000,-0.039460,-0.037479,0.000000,-0.038950,0.000000,128.624496,0.000000,0.000000,0.000000,0.000000,0.000000,0.000000,0.000000,0.000000,0.000000
-2.645540,0.790000,0.000000,-0.038294,-0.037479,0.000000,-0.025050,0.000000,117.953491,0.000000,0.000000,0.000000,0.000000,0.000000,0.000000,0.000000,0.000000,0.000000
-2.602647,-1.730000,0.000000,-0.037673,-0.037479,0.000000,-0.012250,0.000000,108.419502,0.000000,0.000000,0.000000,0.000000,0.000000,0.000000,0.000000,0.000000,0.000000
-2.589241,-3.820000,0.000000,-0.037479,-0.055295,0.000000,-0.000550,-0.117309,51.200672,0.000000,0.000000,0.000000,0.000000,0.000000,0.000000,0.000000,0.000000,0.000000
-2.598617,2.350000,0.000000,-0.037615,-0.037479,0.000000,0.010250,0.000000,98.719643,0.000000,0.000000,0.000000,0.000000,0.000000,0.000000,0.000000,0.000000,0.000000
-2.610316,0.930000,0.000000,-0.037784,-0.037479,0.000000,0.015350,0.000000,89.430634,0.000000,0.000000,0.000000,0.000000,0.000000,0.000000,0.000000,0.000000,0.000000
-2.645992,0.100000,0.000000,-0.038301,-0.037479,0.000000,0.025150,0.000000,83.716682,0.000000,0.000000,0.000000,0.000000,0.000000,0.000000,0.000000,0.000000,0.000000
-2.693602,-0.720000,0.000000,-0.038990,-0.037479,0.000000,0.034050,0.000000,79.320068,0.000000,0.000000,0.000000,0.000000,0.000000,0.000000,0.000000,0.000000,0.000000
3.531101,0.360000,0.000000,0.040932,-0.037479,0.000000,0.001250,0.000000,98.980019,0.000000,0.000000,0.000000,0.000000,0.000000,0.000000,0.000000,0.000000,0.000000
2.804692,-5.060000,0.000000,0.040598,0.037479,0.000000,-0.048750,0.000000,139.562500,0.000000,0.000000,0.000000,0.000000,0.000000,0.000000,0.000000,0.000000,0.000000
2.726089,-3.090000,0.000000,0.039460,0.037479,0.000000,-0.038950,0.000000,128.624496,0.000000,0.000000,0.000000,0.000000,0.000000,0.000000,0.000000,0.000000,0.000000
2.645540,-6.890000,0.000000,0.038294,0.037479,0.000000,-0.025050,0.000000,117.953506,0.000000,0.000000,0.000000,0.000000,0.000000,0.000000,0.000000,0.000000,0.000000
2.602647,0.590000,0.000000,0.037673,0.037479,0.000000,-0.012250,0.000000,108.419502,0.000000,0.000000,0.000000,0.000000,0.000000,0.000000,0.000000,0.000000,0.000000
2.589241,3.300000,0.000000,0.037479,0.047768,0.000000,-0.000550,-0.089148,57.971306,0.000000,0.000000,0.000000,0.000000,0.000000,0.000000,0.000000,0.000000,0.000000
2.598617,2.880000,0.000000,0.037615,0.041688,0.000000,0.010250,0.057020,143.199585,0.000000,0.000000,0.000000,0.000000,0.000000,0.000000,0.000000,0.000000,0.000000
2.612001,5.190000,0.000000,0.037809,0.075125,0.000000,0.015950,-0.170527,39.392952,0.000000,0.000000,0.000000,0.000000,0.000000,0.000000,0.000000,0.000000,0.000000
2.671487,1.520000,0.000000,0.038670,0.037479,0.000000,0.030250,0.000000,88.250443,0.000000,0.000000,0.000000,0.000000,0.000000,0.000000,0.000000,0.000000,0.000000
2.694221,-3.320000,0.000000,0.038999,0.037479,0.000000,0.034150,0.000000,79.461884,0.000000,0.000000,0.000000,0.000000,0.000000,0.000000,0.000000,0.000000,0.000000
-3.531101,-0.160000,0.000000,-0.040932,0.037479,0.000000,0.001250,0.000000,98.974129,0.000000,0.000000,0.000000,0.000000,0.000000,0.000000,0.000000,0.000000,0.000000
-2.804692,0.580000,0.000000,-0.040598,-0.037479,0.000000,-0.048750,0.000000,139.562500,0.000000,0.000000,0.000000,0.000000,0.000000,0.000000,0.000000,0.000000,0.000000
-2.726089,-3.050000,0.000000,-0.039460,-0.044149,0.000000,-0.038950,-0.071778,77.210808,0.000000,0.000000,0.000000,0.000000,0.000000,0.000000,0.000000,0.000000,0.000000
-2.645540,4.900000,0.000000,-0.038294,-0.037479,0.000000,-0.025050,0.000000,122.260162,0.000000,0.000000,0.000000,0.000000,0.000000,0.000000,0.000000,0.000000,0.000000
-2.616183,1.990000,0.000000,-0.037869,-0.037479,0.000000,-0.017350,0.000000,112.550499,0.000000,0.000000,0.000000,0.000000,0.000000,0.000000,0.000000,0.000000,0.000000
-2.591587,-5.470000,0.000000,-0.037513,-0.079178,0.000000,-0.005150,-0.179472,41.281090,0.000000,0.000000,0.000000,0.000000,0.000000,0.000000,0.000000,0.000000,0.000000
-2.592489,-0.860000,0.000000,-0.037526,-0.037479,0.000000,0.006050,0.000000,94.733932,0.000000,0.000000,0.000000,0.000000,0.000000,0.000000,0.000000,0.000000,0.000000
-2.598434,-3.110000,0.000000,-0.037612,-0.045017,0.000000,0.010150,-0.076308,58.938622,0.000000,0.000000,0.000000,0.000000,0.000000,0.000000,0.000000,0.000000,0.000000
-2.623473,-3.650000,0.000000,-0.037975,-0.052834,0.000000,0.019550,-0.108907,50.286011,0.000000,0.000000,0.000000,0.000000,0.000000,0.000000,0.000000,0.000000,0.000000
-2.646902,-4.450000,0.000000,-0.038314,-0.064414,0.000000,0.025350,-0.144241,43.542370,0.000000,0.000000,0.000000,0.000000,0.000000,0.000000,0.000000,0.000000,0.000000
-2.672035,-1.300000,0.000000,-0.038678,-0.037479,0.000000,0.030350,0.000000,87.406441,0.000000,0.000000,0.000000,0.000000,0.000000,0.000000,0.000000,0.000000,0.000000
-2.697339,-0.670000,0.000000,-0.039044,-0.037479,0.000000,0.034650,0.000000,79.210747,0.000000,0.000000,0.000000,0.000000,0.000000,0.000000,0.000000,0.000000,0.000000
3.531101,-1.920000,0.000000,0.040932,-0.037479,0.000000,0.001250,0.000000,98.944763,0.000000,0.000000,0.000000,0.000000,0.000000,0.000000,0.000000,0.000000,0.000000
2.804692,4.800000,0.000000,0.040598,0.069480,0.000000,-0.048750,-0.157222,53.251671,0.000000,0.000000,0.000000,0.000000,0.000000,0.000000,0.000000,0.000000,0.000000
2.726089,3.340000,0.000000,0.039460,0.048347,0.000000,-0.038950,0.091622,212.271469,0.000000,0.000000,0.000000,0.000000,0.000000,0.000000,0.000000,0.000000,0.000000
2.691148,-3.430000,0.000000,0.038954,0.037479,0.000000,-0.033650,0.000000,119.422195,0.000000,0.000000,0.000000,0.000000,0.000000,0.000000,0.000000,0.000000,0.000000
2.603090,-2.080000,0.000000,0.037680,0.037479,0.000000,-0.012450,0.000000,108.065498,0.000000,0.000000,0.000000,0.000000,0.000000,0.000000,0.000000,0.000000,0.000000
2.589241,8.670000,0.000000,0.037479,0.125498,0.000000,-0.000550,-0.260748,32.101990,0.000000,0.000000,0.000000,0.000000,0.000000,0.000000,0.000000,0.000000,0.000000
2.598617,0.890000,0.000000,0.037615,0.037479,0.000000,0.010250,0.000000,93.188515,0.000000,0.000000,0.000000,0.000000,0.000000,0.000000,0.000000,0.000000,0.000000
2.605411,2.920000,0.000000,0.037713,0.042267,0.000000,0.013450,-0.060815,62.680191,0.000000,0.000000,0.000000,0.000000,0.000000,0.000000,0.000000,0.000000,0.000000
2.635642,3.650000,0.000000,0.038151,0.052834,0.000000,0.022750,-0.108907,49.459404,0.000000,0.000000,0.000000,0.000000,0.000000,0.000000,0.000000,0.000000,0.000000
2.664534,3.130000,0.000000,0.038569,0.045307,0.000000,0.028950,0.077759,147.435104,0.000000,0.000000,0.000000,0.000000,0.000000,0.000000,0.000000,0.000000,0.000000
2.692372,-1.160000,0.000000,0.038972,0.037479,0.000000,0.033850,0.000000,76.718254,0.000000,0.000000,0.000000,0.000000,0.000000,0.000000,0.000000,0.000000,0.000000
-3.531101,5.020000,0.000000,-0.040932,0.072665,0.000000,0.001250,0.164860,234.554718,0.000000,0.000000,0.000000,0.000000,0.000000,0.000000,0.000000,0.000000,0.000000
-2.804692,-1.260000,0.000000,-0.040598,-0.037479,0.000000,-0.048750,0.000000,129.670929,0.000000,0.000000,0.000000,0.000000,0.000000,0.000000,0.000000,0.000000,0.000000
-2.646902,0.270000,0.000000,-0.038314,-0.037479,0.000000,-0.025350,0.000000,117.608498,0.000000,0.000000,0.000000,0.000000,0.000000,0.000000,0.000000,0.000000,0.000000
-2.603090,-1.280000,0.000000,-0.037680,-0.037479,0.000000,-0.012450,0.000000,108.563492,0.000000,0.000000,0.000000,0.000000,0.000000,0.000000,0.000000,0.000000,0.000000
-2.589264,-0.800000,0.000000,-0.037480,-0.037479,0.000000,-0.000750,0.000000,100.139496,0.000000,0.000000,0.000000,0.000000,0.000000,0.000000,0.000000,0.000000,0.000000
-2.598253,2.240000,0.000000,-0.037610,-0.037479,0.000000,0.010050,0.000000,92.433823,0.000000,0.000000,0.000000,0.000000,0.000000,0.000000,0.000000,0.000000,0.000000
-2.625252,-4.130000,0.000000,-0.038001,-0.059782,0.000000,0.020050,-0.131254,45.054565,0.000000,0.000000,0.000000,0.000000,0.000000,0.000000,0.000000,0.000000,0.000000
-2.666111,-4.160000,0.000000,-0.038592,-0.060216,0.000000,0.029250,-0.132525,45.053192,0.000000,0.000000,0.000000,0.000000,0.000000,0.000000,0.000000,0.000000,0.000000
-2.691759,-2.610000,0.000000,-0.038963,-0.037780,0.000000,0.033750,0.015245,94.982536,0.000000,0.000000,0.000000,0.000000,0.000000,0.000000,0.000000,0.000000,0.000000
-2.721173,-1.760000,0.000000,-0.039389,-0.037479,0.000000,0.038250,0.000000,76.998772,0.000000,0.000000,0.000000,0.000000,0.000000,0.000000,0.000000,0.000000,0.000000
3.531101,0.690000,0.000000,0.040932,-0.037479,0.000000,0.001250,0.000000,98.733742,0.000000,0.000000,0.000000,0.000000,0.000000,0.000000,0.000000,0.000000,0.000000
2.804692,-1.960000,0.000000,0.040598,0.037479,0.000000,-0.048750,0.000000,139.562500,0.000000,0.000000,0.000000,0.000000,0.000000,0.000000,0.000000,0.000000,0.000000
2.726089,-9.980000,0.000000,0.039460,0.037479,0.000000,-0.038950,0.000000,128.624496,0.000000,0.000000,0.000000,0.000000,0.000000,0.000000,0.000000,0.000000,0.000000
2.645540,-8.940000,0.000000,0.038294,0.037479,0.000000,-0.025050,0.000000,117.953506,0.000000,0.000000,0.000000,0.000000,0.000000,0.000000,0.000000,0.000000,0.000000
2.602647,4.140000,0.000000,0.037673,0.059927,0.000000,-0.012250,0.131679,215.079529,0.000000,0.000000,0.000000,0.000000,0.000000,0.000000,0.000000,0.000000,0.000000
2.589241,0.930000,0.000000,0.037479,0.037479,0.000000,-0.000550,0.000000,108.190239,0.000000,0.000000,0.000000,0.000000,0.000000,0.000000,0.000000,0.000000,0.000000
2.628568,4.040000,0.000000,0.038049,0.058479,0.000000,0.020950,-0.127363,45.420212,0.000000,0.000000,0.000000,0.000000,0.000000,0.000000,0.000000,0.000000,0.000000
2.679897,4.500000,0.000000,0.038792,0.065138,0.000000,0.031750,-0.146166,42.514606,0.000000,0.000000,0.000000,0.000000,0.000000,0.000000,0.000000,0.000000,0.000000
2.707632,-1.560000,0.000000,0.039193,0.037479,0.000000,0.036250,0.000000,84.254845,0.000000,0.000000,0.000000,0.000000,0.000000,0.000000,0.000000,0.000000,0.000000
-3.531101,8.730000,0.000000,-0.040932,0.126367,0.000000,0.001250,-0.262031,32.145805,0.000000,0.000000,0.000000,0.000000,0.000000,0.000000,0.000000,0.000000,0.000000
-2.804692,3.510000,0.000000,-0.040598,-0.037479,0.000000,-0.048750,0.000000,155.284363,0.000000,0.000000,0.000000,0.000000,0.000000,0.000000,0.000000,0.000000,0.000000
-2.777006,-5.010000,0.000000,-0.040197,-0.072520,0.000000,-0.045550,-0.164520,50.177944,0.000000,0.000000,0.000000,0.000000,0.000000,0.000000,0.000000,0.000000,0.000000
-2.670397,8.390000,0.000000,-0.038654,-0.037479,0.000000,-0.030050,0.000000,131.478699,0.000000,0.000000,0.000000,0.000000,0.000000,0.000000,0.000000,0.000000,0.000000
-2.645540,2.960000,0.000000,-0.038294,-0.037479,0.000000,-0.025050,0.000000,118.487503,0.000000,0.000000,0.000000,0.000000,0.000000,0.000000,0.000000,0.000000,0.000000
-2.601997,-3.990000,0.000000,-0.037664,-0.057755,0.000000,-0.011950,-0.125149,51.761433,0.000000,0.000000,0.000000,0.000000,0.000000,0.000000,0.000000,0.000000,0.000000
-2.589216,-7.730000,0.000000,-0.037479,-0.111892,0.000000,-0.000150,-0.239748,34.808922,0.000000,0.000000,0.000000,0.000000,0.000000,0.000000,0.000000,0.000000,0.000000
-2.591406,-0.590000,0.000000,-0.037511,-0.037479,0.000000,0.004950,0.000000,90.607292,0.000000,0.000000,0.000000,0.000000,0.000000,0.000000,0.000000,0.000000,0.000000
-2.595453,-4.510000,0.000000,-0.037569,-0.065282,0.000000,0.008350,-0.146548,44.410797,0.000000,0.000000,0.000000,0.000000,0.000000,0.000000,0.000000,0.000000,0.000000
-2.616184,-3.380000,0.000000,-0.037869,-0.048926,0.000000,0.017350,0.094031,171.405334,0.000000,0.000000,0.000000,0.000000,0.000000,0.000000,0.000000,0.000000,0.000000
-2.631639,-0.310000,0.000000,-0.038093,-0.037479,0.000000,0.021750,0.000000,81.820770,0.000000,0.000000,0.000000,0.000000,0.000000,0.000000,0.000000,0.000000,0.000000
-2.725381,0.800000,0.000000,-0.039450,-0.037479,0.000000,0.038850,0.000000,76.826454,0.000000,0.000000,0.000000,0.000000,0.000000,0.000000,0.000000,0.000000,0.000000
3.531101,-2.290000,0.000000,0.040932,-0.037479,0.000000,0.001250,0.000000,98.698669,0.000000,0.000000,0.000000,0.000000,0.000000,0.000000,0.000000,0.000000,0.000000
2.804692,0.690000,0.000000,0.040598,0.037479,0.000000,-0.048750,0.000000,139.562500,0.000000,0.000000,0.000000,0.000000,0.000000,0.000000,0.000000,0.000000,0.000000
2.726089,0.370000,0.000000,0.039460,0.037479,0.000000,-0.038950,0.000000,128.624496,0.000000,0.000000,0.000000,0.000000,0.000000,0.000000,0.000000,0.000000,0.000000
2.645540,-2.000000,0.000000,0.038294,0.037479,0.000000,-0.025050,0.000000,117.953506,0.000000,0.000000,0.000000,0.000000,0.000000,0.000000,0.000000,0.000000,0.000000
2.602647,-1.330000,0.000000,0.037673,0.037479,0.000000,-0.012250,0.000000,108.419502,0.000000,0.000000,0.000000,0.000000,0.000000,0.000000,0.000000,0.000000,0.000000
2.589241,2.490000,0.000000,0.037479,0.037479,0.000000,-0.000550,0.000000,100.289497,0.000000,0.000000,0.000000,0.000000,0.000000,0.000000,0.000000,0.000000,0.000000
2.598617,6.370000,0.000000,0.037615,0.092206,0.000000,0.010250,-0.205604,36.380199,0.000000,0.000000,0.000000,0.000000,0.000000,0.000000,0.000000,0.000000,0.000000
2.625976,1.320000,0.000000,0.038011,0.037479,0.000000,0.020250,0.000000,96.663887,0.000000,0.000000,0.000000,0.000000,0.000000,0.000000,0.000000,0.000000,0.000000
2.640255,1.060000,0.000000,0.038218,0.037479,0.000000,0.023850,0.000000,84.671501,0.000000,0.000000,0.000000,0.000000,0.000000,0.000000,0.000000,0.000000,0.000000
2.689932,1.050000,0.000000,0.038937,0.037479,0.000000,0.033450,0.000000,79.577599,0.000000,0.000000,0.000000,0.000000,0.000000,0.000000,0.000000,0.000000,0.000000
-3.531101,5.670000,0.000000,-0.040932,0.082073,0.000000,0.001250,-0.185597,40.106003,0.000000,0.000000,0.000000,0.000000,0.000000,0.000000,0.000000,0.000000,0.000000
-2.804692,-3.100000,0.000000,-0.040598,-0.044873,0.000000,-0.048750,0.075572,211.911560,0.000000,0.000000,0.000000,0.000000,0.000000,0.000000,0.000000,0.000000,0.000000
-2.770393,-1.430000,0.000000,-0.040102,-0.037479,0.000000,-0.044750,0.000000,128.788177,0.000000,0.000000,0.000000,0.000000,0.000000,0.000000,0.000000,0.000000,0.000000
-2.639400,-0.240000,0.000000,-0.038205,-0.037479,0.000000,-0.023650,0.000000,116.471497,0.000000,0.000000,0.000000,0.000000,0.000000,0.000000,0.000000,0.000000,0.000000
-2.599750,-1.410000,0.000000,-0.037631,-0.037479,0.000000,-0.010850,0.000000,107.369492,0.000000,0.000000,0.000000,0.000000,0.000000,0.000000,0.000000,0.000000,0.000000
-2.589265,-5.410000,0.000000,-0.037480,-0.078310,0.000000,0.000750,-0.177593,40.798210,0.000000,0.000000,0.000000,0.000000,0.000000,0.000000,0.000000,0.000000,0.000000
-2.600949,-2.460000,0.000000,-0.037649,-0.037479,0.000000,0.011450,0.000000,98.593971,0.000000,0.000000,0.000000,0.000000,0.000000,0.000000,0.000000,0.000000,0.000000
-2.610593,-3.050000,0.000000,-0.037788,-0.044149,0.000000,0.015450,-0.071778,58.834759,0.000000,0.000000,0.000000,0.000000,0.000000,0.000000,0.000000,0.000000,0.000000
-2.646446,-2.250000,0.000000,-0.038307,-0.037479,0.000000,0.025250,0.000000,86.791359,0.000000,0.000000,0.000000,0.000000,0.000000,0.000000,0.000000,0.000000,0.000000
-2.675921,-1.890000,0.000000,-0.038734,-0.037479,0.000000,0.031050,0.000000,80.882912,0.000000,0.000000,0.000000,0.000000,0.000000,0.000000,0.000000,0.000000,0.000000
-2.731098,0.550000,0.000000,-0.039533,-0.037479,0.000000,0.039650,0.000000,76.773369,0.000000,0.000000,0.000000,0.000000,0.000000,0.000000,0.000000,0.000000,0.000000
3.531101,1.350000,0.000000,0.040932,-0.037479,0.000000,0.001250,0.000000,98.651924,0.000000,0.000000,0.000000,0.000000,0.000000,0.000000,0.000000,0.000000,0.000000
2.804692,-0.810000,0.000000,0.040598,0.037479,0.000000,-0.048750,0.000000,139.562500,0.000000,0.000000,0.000000,0.000000,0.000000,0.000000,0.000000,0.000000,0.000000
2.726089,-1.950000,0.000000,0.039460,0.037479,0.000000,-0.038950,0.000000,128.624496,0.000000,0.000000,0.000000,0.000000,0.000000,0.000000,0.000000,0.000000,0.000000
2.645540,-1.240000,0.000000,0.038294,0.037479,0.000000,-0.025050,0.000000,117.953506,0.000000,0.000000,0.000000,0.000000,0.000000,0.000000,0.000000,0.000000,0.000000
2.602647,3.430000,0.000000,0.037673,0.049649,0.000000,-0.012250,-0.096958,58.783264,0.000000,0.000000,0.000000,0.000000,0.000000,0.000000,0.000000,0.000000,0.000000
2.589241,3.620000,0.000000,0.037479,0.052400,0.000000,-0.000550,-0.107356,55.117645,0.000000,0.000000,0.000000,0.000000,0.000000,0.000000,0.000000,0.000000,0.000000
2.591680,3.950000,0.000000,0.037515,0.057176,0.000000,0.005250,-0.123349,50.567150,0.000000,0.000000,0.000000,0.000000,0.000000,0.000000,0.000000,0.000000,0.000000
2.599557,2.510000,0.000000,0.037629,0.037479,0.000000,0.010750,0.000000,99.018173,0.000000,0.000000,0.000000,0.000000,0.000000,0.000000,0.000000,0.000000,0.000000
2.611432,1.270000,0.000000,0.037801,0.037479,0.000000,0.015750,0.000000,89.196121,0.000000,0.000000,0.000000,0.000000,0.000000,0.000000,0.000000,0.000000,0.000000
2.648280,2.420000,0.000000,0.038334,0.037479,0.000000,0.025650,0.000000,83.450516,0.000000,0.000000,0.000000,0.000000,0.000000,0.000000,0.000000,0.000000,0.000000
2.696712,0.220000,0.000000,0.039035,0.037479,0.000000,0.034550,0.000000,79.084831,0.000000,0.000000,0.000000,0.000000,0.000000,0.000000,0.000000,0.000000,0.000000
-3.531101,-0.100000,0.000000,-0.040932,0.037479,0.000000,0.001250,0.000000,98.950630,0.000000,0.000000,0.000000,0.000000,0.000000,0.000000,0.000000,0.000000,0.000000
-2.804692,-0.550000,0.000000,-0.040598,-0.037479,0.000000,-0.048750,0.000000,139.562500,0.000000,0.000000,0.000000,0.000000,0.000000,0.000000,0.000000,0.000000,0.000000
-2.726089,-0.260000,0.000000,-0.039460,-0.037479,0.000000,-0.038950,0.000000,128.624496,0.000000,0.000000,0.000000,0.000000,0.000000,0.000000,0.000000,0.000000,0.000000
-2.645540,1.630000,0.000000,-0.038294,-0.037479,0.000000,-0.025050,0.000000,117.953491,0.000000,0.000000,0.000000,0.000000,0.000000,0.000000,0.000000,0.000000,0.000000
-2.602647,-3.550000,0.000000,-0.037673,-0.051386,0.000000,-0.012250,-0.103646,56.969006,0.000000,0.000000,0.000000,0.000000,0.000000,0.000000,0.000000,0.000000,0.000000
-2.589241,-6.830000,0.000000,-0.037479,-0.098864,0.000000,-0.000550,-0.217753,36.975338,0.000000,0.000000,0.000000,0.000000,0.000000,0.000000,0.000000,0.000000,0.000000
-2.591496,0.660000,0.000000,-0.037512,-0.037479,0.000000,0.005050,0.000000,91.792244,0.000000,0.000000,0.000000,0.000000,0.000000,0.000000,0.000000,0.000000,0.000000
-2.595909,-2.260000,0.000000,-0.037576,-0.037479,0.000000,0.008650,0.000000,93.717628,0.000000,0.000000,0.000000,0.000000,0.000000,0.000000,0.000000,0.000000,0.000000
-2.617444,-5.460000,0.000000,-0.037888,-0.079034,0.000000,0.017750,-0.179160,38.613300,0.000000,0.000000,0.000000,0.000000,0.000000,0.000000,0.000000,0.000000,0.000000
-2.654932,-2.500000,0.000000,-0.038430,-0.037479,0.000000,0.027050,0.000000,90.829895,0.000000,0.000000,0.000000,0.000000,0.000000,0.000000,0.000000,0.000000,0.000000
-2.674801,0.090000,0.000000,-0.038718,-0.037479,0.000000,0.030850,0.000000,81.059944,0.000000,0.000000,0.000000,0.000000,0.000000,0.000000,0.000000,0.000000,0.000000
-2.732546,-2.480000,0.000000,-0.039554,-0.037479,0.000000,0.039850,0.000000,76.670944,0.000000,0.000000,0.000000,0.000000,0.000000,0.000000,0.000000,0.000000,0.000000
3.531101,0.890000,0.000000,0.040932,-0.037479,0.000000,0.001250,0.000000,98.640244,0.000000,0.000000,0.000000,0.000000,0.000000,0.000000,0.000000,0.000000,0.000000
2.804692,2.200000,0.000000,0.040598,0.037479,0.000000,-0.048750,0.000000,139.562500,0.000000,0.000000,0.000000,0.000000,0.000000,0.000000,0.000000,0.000000,0.000000
2.726089,-5.160000,0.000000,0.039460,0.037479,0.000000,-0.038950,0.000000,128.624496,0.000000,0.000000,0.000000,0.000000,0.000000,0.000000,0.000000,0.000000,0.000000
2.645540,0.920000,0.000000,0.038294,0.037479,0.000000,-0.025050,0.000000,117.953506,0.000000,0.000000,0.000000,0.000000,0.000000,0.000000,0.000000,0.000000,0.000000
2.602647,-0.520000,0.000000,0.037673,0.037479,0.000000,-0.012250,0.000000,108.419502,0.000000,0.000000,0.000000,0.000000,0.000000,0.000000,0.000000,0.000000,0.000000
2.589241,3.700000,0.000000,0.037479,0.053558,0.000000,-0.000550,-0.111444,52.477192,0.000000,0.000000,0.000000,0.000000,0.000000,0.000000,0.000000,0.000000,0.000000
2.598617,2.490000,0.000000,0.037615,0.037479,0.000000,0.010250,0.000000,98.377869,0.000000,0.000000,0.000000,0.000000,0.000000,0.000000,0.000000,0.000000,0.000000
2.610593,2.820000,0.000000,0.037788,0.040820,0.000000,0.015450,-0.050798,65.339935,0.000000,0.000000,0.000000,0.000000,0.000000,0.000000,0.000000,0.000000,0.000000
2.646446,0.080000,0.000000,0.038307,0.037479,0.000000,0.025250,0.000000,85.853394,0.000000,0.000000,0.000000,0.000000,0.000000,0.000000,0.000000,0.000000,0.000000
2.679897,2.210000,0.000000,0.038792,0.037479,0.000000,0.031750,0.000000,80.513687,0.000000,0.000000,0.000000,0.000000,0.000000,0.000000,0.000000,0.000000,0.000000
2.735465,1.210000,0.000000,0.039596,0.037479,0.000000,0.040250,0.000000,76.512566,0.000000,0.000000,0.000000,0.000000,0.000000,0.000000,0.000000,0.000000,0.000000
-3.531101,-1.200000,0.000000,-0.040932,0.037479,0.000000,0.001250,0.000000,98.616898,0.000000,0.000000,0.000000,0.000000,0.000000,0.000000,0.000000,0.000000,0.000000
-2.804692,1.830000,0.000000,-0.040598,-0.037479,0.000000,-0.048750,0.000000,139.562500,0.000000,0.000000,0.000000,0.000000,0.000000,0.000000,0.000000,0.000000,0.000000
-2.726089,1.020000,0.000000,-0.039460,-0.037479,0.000000,-0.038950,0.000000,128.624496,0.000000,0.000000,0.000000,0.000000,0.000000,0.000000,0.000000,0.000000,0.000000
-2.645540,-0.950000,0.000000,-0.038294,-0.037479,0.000000,-0.025050,0.000000,117.953491,0.000000,0.000000,0.000000,0.000000,0.000000,0.000000,0.000000,0.000000,0.000000
-2.602647,-3.260000,0.000000,-0.037673,-0.047189,0.000000,-0.012250,-0.086603,61.831867,0.000000,0.000000,0.000000,0.000000,0.000000,0.000000,0.000000,0.000000,0.000000
-2.589241,-3.120000,0.000000,-0.037479,-0.045162,0.000000,-0.000550,0.077037,167.306808,0.000000,0.000000,0.000000,0.000000,0.000000,0.000000,0.000000,0.000000,0.000000
-2.591969,-3.960000,0.000000,-0.037519,-0.057321,0.000000,0.005550,-0.123801,47.748676,0.000000,0.000000,0.000000,0.000000,0.000000,0.000000,0.000000,0.000000,0.000000
-2.633618,-1.980000,0.000000,-0.038122,-0.037479,0.000000,0.022250,0.000000,90.693558,0.000000,0.000000,0.000000,0.000000,0.000000,0.000000,0.000000,0.000000,0.000000
-2.654445,-1.290000,0.000000,-0.038423,-0.037479,0.000000,0.026950,0.000000,82.991333,0.000000,0.000000,0.000000,0.000000,0.000000,0.000000,0.000000,0.000000,0.000000
-2.705666,-2.300000,0.000000,-0.039165,-0.037479,0.000000,0.035950,0.000000,78.429825,0.000000,0.000000,0.000000,0.000000,0.000000,0.000000,0.000000,0.000000,0.000000
3.531101,5.130000,0.000000,0.040932,-0.037479,0.000000,0.001250,0.000000,98.868454,0.000000,0.000000,0.000000,0.000000,0.000000,0.000000,0.000000,0.000000,0.000000
2.804692,-1.950000,0.000000,0.040598,0.037479,0.000000,-0.048750,0.000000,139.562500,0.000000,0.000000,0.000000,0.000000,0.000000,0.000000,0.000000,0.000000,0.000000
2.726089,-1.660000,0.000000,0.039460,0.037479,0.000000,-0.038950,0.000000,128.624496,0.000000,0.000000,0.000000,0.000000,0.000000,0.000000,0.000000,0.000000,0.000000
2.645540,-0.190000,0.000000,0.038294,0.037479,0.000000,-0.025050,0.000000,117.953506,0.000000,0.000000,0.000000,0.000000,0.000000,0.000000,0.000000,0.000000,0.000000
2.602647,0.510000,0.000000,0.037673,0.037479,0.000000,-0.012250,0.000000,108.419502,0.000000,0.000000,0.000000,0.000000,0.000000,0.000000,0.000000,0.000000,0.000000
2.589241,6.690000,0.000000,0.037479,0.096838,0.000000,-0.000550,-0.214128,36.531883,0.000000,0.000000,0.000000,0.000000,0.000000,0.000000,0.000000,0.000000,0.000000
2.598617,-2.300000,0.000000,0.037615,0.037479,0.000000,0.010250,0.000000,95.682610,0.000000,0.000000,0.000000,0.000000,0.000000,0.000000,0.000000,0.000000,0.000000
2.606390,1.340000,0.000000,0.037728,0.037479,0.000000,0.013850,0.000000,90.413055,0.000000,0.000000,0.000000,0.000000,0.000000,0.000000,0.000000,0.000000,0.000000
2.638131,0.530000,0.000000,0.038187,0.037479,0.000000,0.023350,0.000000,84.686554,0.000000,0.000000,0.000000,0.000000,0.000000,0.000000,0.000000,0.000000,0.000000
2.683377,2.140000,0.000000,0.038842,0.037479,0.000000,0.032350,0.000000,80.126602,0.000000,0.000000,0.000000,0.000000,0.000000,0.000000,0.000000,0.000000,0.000000
-3.531101,0.910000,0.000000,-0.040932,0.037479,0.000000,0.001250,0.000000,99.080048,0.000000,0.000000,0.000000,0.000000,0.000000,0.000000,0.000000,0.000000,0.000000
-2.804692,-1.290000,0.000000,-0.040598,-0.037479,0.000000,-0.048750,0.000000,139.562500,0.000000,0.000000,0.000000,0.000000,0.000000,0.000000,0.000000,0.000000,0.000000
-2.725381,4.100000,0.000000,-0.039450,-0.037479,0.000000,-0.038850,0.000000,128.543503,0.000000,0.000000,0.000000,0.000000,0.000000,0.000000,0.000000,0.000000,0.000000
-2.645089,2.230000,0.000000,-0.038288,-0.037479,0.000000,-0.024950,0.000000,117.878494,0.000000,0.000000,0.000000,0.000000,0.000000,0.000000,0.000000,0.000000,0.000000
-2.602428,-4.020000,0.000000,-0.037670,-0.058190,0.000000,-0.012150,-0.126482,51.518303,0.000000,0.000000,0.000000,0.000000,0.000000,0.000000,0.000000,0.000000,0.000000
-2.589232,-5.360000,0.000000,-0.037479,-0.077586,0.000000,-0.000450,-0.176012,42.490765,0.000000,0.000000,0.000000,0.000000,0.000000,0.000000,0.000000,0.000000,0.000000
-2.591148,-0.880000,0.000000,-0.037507,-0.037479,0.000000,0.004650,0.000000,93.661713,0.000000,0.000000,0.000000,0.000000,0.000000,0.000000,0.000000,0.000000,0.000000
-2.596222,-1.690000,0.000000,-0.037580,-0.037479,0.000000,0.008850,0.000000,93.554550,0.000000,0.000000,0.000000,0.000000,0.000000,0.000000,0.000000,0.000000,0.000000
-2.618733,-2.990000,0.000000,-0.037906,-0.043280,0.000000,0.018150,-0.066942,59.384777,0.000000,0.000000,0.000000,0.000000,0.000000,0.000000,0.000000,0.000000,0.000000
-2.656898,-0.530000,0.000000,-0.038459,-0.037479,0.000000,0.027450,0.000000,85.375961,0.000000,0.000000,0.000000,0.000000,0.000000,0.000000,0.000000,0.000000,0.000000
-2.689327,0.450000,0.000000,-0.038928,-0.037479,0.000000,0.033350,0.000000,79.766121,0.000000,0.000000,0.000000,0.000000,0.000000,0.000000,0.000000,0.000000,0.000000
3.531101,-0.640000,0.000000,0.040932,-0.037479,0.000000,0.001250,0.000000,99.021179,0.000000,0.000000,0.000000,0.000000,0.000000,0.000000,0.000000,0.000000,0.000000
2.804692,0.420000,0.000000,0.040598,0.037479,0.000000,-0.048750,0.000000,139.562500,0.000000,0.000000,0.000000,0.000000,0.000000,0.000000,0.000000,0.000000,0.000000
2.725381,0.990000,0.000000,0.039450,0.037479,0.000000,-0.038850,0.000000,128.543503,0.000000,0.000000,0.000000,0.000000,0.000000,0.000000,0.000000,0.000000,0.000000
2.645089,1.200000,0.000000,0.038288,0.037479,0.000000,-0.024950,0.000000,117.878494,0.000000,0.000000,0.000000,0.000000,0.000000,0.000000,0.000000,0.000000,0.000000
2.602428,2.800000,0.000000,0.037670,0.040530,0.000000,-0.012150,-0.048547,76.348412,0.000000,0.000000,0.000000,0.000000,0.000000,0.000000,0.000000,0.000000,0.000000
2.589232,3.010000,0.000000,0.037479,0.043570,0.000000,-0.000450,-0.068592,65.354813,0.000000,0.000000,0.000000,0.000000,0.000000,0.000000,0.000000,0.000000,0.000000
2.593788,1.940000,0.000000,0.037545,0.037479,0.000000,0.007150,0.000000,98.325516,0.000000,0.000000,0.000000,0.000000,0.000000,0.000000,0.000000,0.000000,0.000000
2.605896,3.010000,0.000000,0.037720,0.043570,0.000000,0.013650,-0.068592,60.173275,0.000000,0.000000,0.000000,0.000000,0.000000,0.000000,0.000000,0.000000,0.000000
2.638552,0.330000,0.000000,0.038193,0.037479,0.000000,0.023450,0.000000,87.673157,0.000000,0.000000,0.000000,0.000000,0.000000,0.000000,0.000000,0.000000,0.000000
2.667172,2.090000,0.000000,0.038607,0.037479,0.000000,0.029450,0.000000,81.667648,0.000000,0.000000,0.000000,0.000000,0.000000,0.000000,0.000000,0.000000,0.000000
2.720477,1.120000,0.000000,0.039379,0.037479,0.000000,0.038150,0.000000,77.438637,0.000000,0.000000,0.000000,0.000000,0.000000,0.000000,0.000000,0.000000,0.000000
-3.531101,0.310000,0.000000,-0.040932,0.037479,0.000000,0.001250,0.000000,98.739586,0.000000,0.000000,0.000000,0.000000,0.000000,0.000000,0.000000,0.000000,0.000000
-2.804692,-0.580000,0.000000,-0.040598,-0.037479,0.000000,-0.048750,0.000000,139.562500,0.000000,0.000000,0.000000,0.000000,0.000000,0.000000,0.000000,0.000000,0.000000
-2.726089,0.470000,0.000000,-0.039460,-0.037479,0.000000,-0.038950,0.000000,128.624496,0.000000,0.000000,0.000000,0.000000,0.000000,0.000000,0.000000,0.000000,0.000000
-2.645540,-3.450000,0.000000,-0.038294,-0.049939,0.000000,-0.025050,-0.098104,61.915272,0.000000,0.000000,0.000000,0.000000,0.000000,0.000000,0.000000,0.000000,0.000000
-2.602647,-1.740000,0.000000,-0.037673,-0.037479,0.000000,-0.012250,0.000000,114.305756,0.000000,0.000000,0.000000,0.000000,0.000000,0.000000,0.000000,0.000000,0.000000
-2.592598,-2.810000,0.000000,-0.037528,-0.040675,0.000000,-0.006150,-0.049685,73.530228,0.000000,0.000000,0.000000,0.000000,0.000000,0.000000,0.000000,0.000000,0.000000
-2.591680,-0.890000,0.000000,-0.037515,-0.037479,0.000000,0.005250,0.000000,98.386086,0.000000,0.000000,0.000000,0.000000,0.000000,0.000000,0.000000,0.000000,0.000000
-2.603313,-0.880000,0.000000,-0.037683,-0.037479,0.000000,0.012550,0.000000,91.032814,0.000000,0.000000,0.000000,0.000000,0.000000,0.000000,0.000000,0.000000,0.000000
-2.634019,-1.310000,0.000000,-0.038127,-0.037479,0.000000,0.022350,0.000000,85.214798,0.000000,0.000000,0.000000,0.000000,0.000000,0.000000,0.000000,0.000000,0.000000
-2.678182,-0.580000,0.000000,-0.038767,-0.037479,0.000000,0.031450,0.000000,80.558426,0.000000,0.000000,0.000000,0.000000,0.000000,0.000000,0.000000,0.000000,0.000000
-2.733273,-0.370000,0.000000,-0.039564,-0.037479,0.000000,0.039950,0.000000,76.644501,0.000000,0.000000,0.000000,0.000000,0.000000,0.000000,0.000000,0.000000,0.000000
3.531101,0.140000,0.000000,0.040932,-0.037479,0.000000,0.001250,0.000000,98.634407,0.000000,0.000000,0.000000,0.000000,0.000000,0.000000,0.000000,0.000000,0.000000
2.804692,1.340000,0.000000,0.040598,0.037479,0.000000,-0.048750,0.000000,139.562500,0.000000,0.000000,0.000000,0.000000,0.000000,0.000000,0.000000,0.000000,0.000000
2.726089,-1.870000,0.000000,0.039460,0.037479,0.000000,-0.038950,0.000000,128.624496,0.000000,0.000000,0.000000,0.000000,0.000000,0.000000,0.000000,0.000000,0.000000
2.645540,-7.100000,0.000000,0.038294,0.037479,0.000000,-0.025050,0.000000,117.953506,0.000000,0.000000,0.000000,0.000000,0.000000,0.000000,0.000000,0.000000,0.000000
2.602647,2.520000,0.000000,0.037673,0.037479,0.000000,-0.012250,0.000000,108.419502,0.000000,0.000000,0.000000,0.000000,0.000000,0.000000,0.000000,0.000000,0.000000
2.589241,5.340000,0.000000,0.037479,0.077297,0.000000,-0.000550,-0.175376,41.263706,0.000000,0.000000,0.000000,0.000000,0.000000,0.000000,0.000000,0.000000,0.000000
2.598617,5.310000,0.000000,0.037615,0.076862,0.000000,0.010250,0.174417,243.464493,0.000000,0.000000,0.000000,0.000000,0.000000,0.000000,0.000000,0.000000,0.000000
2.607653,1.490000,0.000000,0.037746,0.037479,0.000000,0.014350,0.000000,82.322487,0.000000,0.000000,0.000000,0.000000,0.000000,0.000000,0.000000,0.000000,0.000000
2.723971,3.920000,0.000000,0.039430,0.056742,0.000000,0.038650,-0.121982,43.620369,0.000000,0.000000,0.000000,0.000000,0.000000,0.000000,0.000000,0.000000,0.000000
-3.531101,5.090000,0.000000,-0.040932,0.073678,0.000000,0.001250,0.167216,244.070724,0.000000,0.000000,0.000000,0.000000,0.000000,0.000000,0.000000,0.000000,0.000000
-2.804692,0.740000,0.000000,-0.040598,-0.037479,0.000000,-0.048750,0.000000,129.529510,0.000000,0.000000,0.000000,0.000000,0.000000,0.000000,0.000000,0.000000,0.000000
-2.642425,3.390000,0.000000,-0.038249,-0.037479,0.000000,-0.024350,0.000000,116.798492,0.000000,0.000000,0.000000,0.000000,0.000000,0.000000,0.000000,0.000000,0.000000
-2.600949,6.020000,0.000000,-0.037649,-0.037479,0.000000,-0.011450,0.000000,107.813492,0.000000,0.000000,0.000000,0.000000,0.000000,0.000000,0.000000,0.000000,0.000000
-2.589216,-3.410000,0.000000,-0.037479,-0.049360,0.000000,0.000150,0.095798,176.787750,0.000000,0.000000,0.000000,0.000000,0.000000,0.000000,0.000000,0.000000,0.000000
-2.599751,-5.280000,0.000000,-0.037631,-0.076428,0.000000,0.010850,-0.173452,39.212025,0.000000,0.000000,0.000000,0.000000,0.000000,0.000000,0.000000,0.000000,0.000000
-2.661943,-1.260000,0.000000,-0.038532,-0.037479,0.000000,0.028450,0.000000,89.296585,0.000000,0.000000,0.000000,0.000000,0.000000,0.000000,0.000000,0.000000,0.000000
-2.683377,-5.350000,0.000000,-0.038842,-0.077441,0.000000,0.032350,-0.175694,37.480042,0.000000,0.000000,0.000000,0.000000,0.000000,0.000000,0.000000,0.000000,0.000000
-2.742894,-2.660000,0.000000,-0.039703,-0.038504,0.000000,0.041250,0.028133,98.176056,0.000000,0.000000,0.000000,0.000000,0.000000,0.000000,0.000000,0.000000,0.000000
3.531101,-0.070000,0.000000,0.040932,-0.037479,0.000000,0.001250,0.000000,99.775024,0.000000,0.000000,0.000000,0.000000,0.000000,0.000000,0.000000,0.000000,0.000000
2.804692,1.070000,0.000000,0.040598,0.037479,0.000000,-0.048750,0.000000,139.562500,0.000000,0.000000,0.000000,0.000000,0.000000,0.000000,0.000000,0.000000,0.000000
2.725381,-5.420000,0.000000,0.039450,0.037479,0.000000,-0.038850,0.000000,128.543503,0.000000,0.000000,0.000000,0.000000,0.000000,0.000000,0.000000,0.000000,0.000000
2.645089,-3.460000,0.000000,0.038288,0.037479,0.000000,-0.024950,0.000000,117.878494,0.000000,0.000000,0.000000,0.000000,0.000000,0.000000,0.000000,0.000000,0.000000
2.602428,5.070000,0.000000,0.037670,0.073388,0.000000,-0.012150,-0.166546,44.138786,0.000000,0.000000,0.000000,0.000000,0.000000,0.000000,0.000000,0.000000,0.000000
2.589232,4.330000,0.000000,0.037479,0.062677,0.000000,-0.000450,0.139513,222.633484,0.000000,0.000000,0.000000,0.000000,0.000000,0.000000,0.000000,0.000000,0.000000
2.590610,0.480000,0.000000,0.037499,0.037479,0.000000,0.003950,0.000000,89.607941,0.000000,0.000000,0.000000,0.000000,0.000000,0.000000,0.000000,0.000000,0.000000
2.650615,1.090000,0.000000,0.038368,0.037479,0.000000,0.026150,0.000000,82.682556,0.000000,0.000000,0.000000,0.000000,0.000000,0.000000,0.000000,0.000000,0.000000
2.699867,2.850000,0.000000,0.039081,0.041254,0.000000,0.035050,-0.053999,58.630260,0.000000,0.000000,0.000000,0.000000,0.000000,0.000000,0.000000,0.000000,0.000000
-3.531101,3.390000,0.000000,-0.040932,0.049070,0.000000,0.001250,0.094623,180.975433,0.000000,0.000000,0.000000,0.000000,0.000000,0.000000,0.000000,0.000000,0.000000
-2.804692,-2.730000,0.000000,-0.040598,-0.039517,0.000000,-0.048750,0.039675,166.022110,0.000000,0.000000,0.000000,0.000000,0.000000,0.000000,0.000000,0.000000,0.000000
-2.674244,3.000000,0.000000,-0.038710,-0.037479,0.000000,-0.030750,0.000000,119.601974,0.000000,0.000000,0.000000,0.000000,0.000000,0.000000,0.000000,0.000000,0.000000
-2.607142,0.250000,0.000000,-0.037738,-0.037479,0.000000,-0.014150,0.000000,109.616493,0.000000,0.000000,0.000000,0.000000,0.000000,0.000000,0.000000,0.000000,0.000000
-2.589667,-3.780000,0.000000,-0.037485,-0.054716,0.000000,-0.002250,-0.115387,51.950718,0.000000,0.000000,0.000000,0.000000,0.000000,0.000000,0.000000,0.000000,0.000000
-2.595909,-4.070000,0.000000,-0.037576,-0.058913,0.000000,0.008650,-0.128673,48.913326,0.000000,0.000000,0.000000,0.000000,0.000000,0.000000,0.000000,0.000000,0.000000
-2.606142,-0.020000,0.000000,-0.037724,-0.037479,0.000000,0.013750,0.000000,97.183495,0.000000,0.000000,0.000000,0.000000,0.000000,0.000000,0.000000,0.000000,0.000000
-2.620051,-5.540000,0.000000,-0.037925,-0.080192,0.000000,0.018550,-0.181639,38.266048,0.000000,0.000000,0.000000,0.000000,0.000000,0.000000,0.000000,0.000000,0.000000
-2.660920,-1.650000,0.000000,-0.038517,-0.037479,0.000000,0.028250,0.000000,90.194794,0.000000,0.000000,0.000000,0.000000,0.000000,0.000000,0.000000,0.000000,0.000000
-2.681629,0.440000,0.000000,-0.038817,-0.037479,0.000000,0.032050,0.000000,80.472855,0.000000,0.000000,0.000000,0.000000,0.000000,0.000000,0.000000,0.000000,0.000000
3.531101,0.400000,0.000000,0.040932,-0.037479,0.000000,0.001250,0.000000,99.097717,0.000000,0.000000,0.000000,0.000000,0.000000,0.000000,0.000000,0.000000,0.000000
2.804692,-0.730000,0.000000,0.040598,0.037479,0.000000,-0.048750,0.000000,139.562500,0.000000,0.000000,0.000000,0.000000,0.000000,0.000000,0.000000,0.000000,0.000000
2.725381,-1.330000,0.000000,0.039450,0.037479,0.000000,-0.038850,0.000000,128.543503,0.000000,0.000000,0.000000,0.000000,0.000000,0.000000,0.000000,0.000000,0.000000
2.645089,-0.580000,0.000000,0.038288,0.037479,0.000000,-0.024950,0.000000,117.878494,0.000000,0.000000,0.000000,0.000000,0.000000,0.000000,0.000000,0.000000,0.000000
2.602428,-0.970000,0.000000,0.037670,0.037479,0.000000,-0.012150,0.000000,108.344505,0.000000,0.000000,0.000000,0.000000,0.000000,0.000000,0.000000,0.000000,0.000000
2.589232,3.260000,0.000000,0.037479,0.047189,0.000000,-0.000450,-0.086603,58.646591,0.000000,0.000000,0.000000,0.000000,0.000000,0.000000,0.000000,0.000000,0.000000
2.598801,2.910000,0.000000,0.037618,0.042122,0.000000,0.010350,0.059889,145.295898,0.000000,0.000000,0.000000,0.000000,0.000000,0.000000,0.000000,0.000000,0.000000
